# Resource object code (Python 3)
# Created by: object code
# Created by: The Resource Compiler for Qt version 6.8.2
# WARNING! All changes made in this file will be lost!

from PySide6 import QtCore

qt_resource_data = b"\
\x00\x00\x109\
\x89\
PNG\x0d\x0a\x1a\x0a\x00\x00\x00\x0dIHDR\x00\
\x00\x002\x00\x00\x00=\x08\x06\x00\x00\x00\xefi:d\
\x00\x00\x00\x01sRGB\x00\xae\xce\x1c\xe9\x00\x00\x00\
\x04gAMA\x00\x00\xb1\x8f\x0b\xfca\x05\x00\x00\x00\
\x09pHYs\x00\x00\x0e\xc2\x00\x00\x0e\xc2\x01\x15(\
J\x80\x00\x00\x0f\xceIDAThC\xedZy|\
T\xd5\xf5\xbf\xef\xbdY23I\x98\xc9\xd6@\xc2\x12\
B\x14\x0d\x84],\x0ab\x11\xb4\xd6\x9f\x8a)\x8b\x09\
\xc1\x88\x1ad\x09\x04\xb4\xd5\x96~\x1a\xf3\xd1\x16\x14!\
\x84\x88\xc8\xa6\xd2\xb0\x07\xe4\xa7\xa8?k+KQ\xec\
\xaf-\x9b\x0a\x84\x10\x92\xb0d%{&\xb3\xbe\xa5\xe7\
\xdc\xf7\xde0\x093d\x06\xd2\xfe\xd1O\xbf\xe40\xef\
\x9e{\xdf\xbd\xe7{\xee\xb9\xeb\x0c\xf9O\x01\xa3|\xf6\
\x18\x1e\xdf\xfc\x8b\xb0v\xbecD\xbb\xadm\xb0C/\
\xf6orZ\x8dN\xc1IL\x8c\x9e\x98\x0daV\xc9\
F\xca\x22\xf5\xa1e\xd1,w\xbax\xe1\xbbV\xe5\xb5\
\xdbF\x8f\x10\x99\xb4q\xc1\x1d\x95\x1d\xd7R\x1d,\x9f\
j\x17:\x869YQ#\xb0\x12\xe4\xb0\xd0\x00~\x12\
\xfa?+1D$\x02\xe1$\x96\xe8D\x0dob\x0d\
\x7f7H\xda\xfd\x89\x96\x98\x8f\xbe\xc8,\xbcH\x0b\xde\
\x22n\x8b\xc8\xc4\xf7\xe6\xfd\xec\x92\xa3\xe1\x17MR\xdb\
\x04\x17+@]\xf2\x1f\x1a\xcd\x80\xb1h\xb6\x84T\x18\
l\x06\xb5\x90\x92yQ\xa0V\x00\x85A\xd0H\xe1\xac\
\xe1\x8b8\xd1\xb2\xe2\xdb%\xef\xffE\xce\x0d\x0eXW\
\xd0\x98\xb2i\xe1=%\xd6\x9aU\x8dL\xfb\xfd\xa2\xb7\
e\x00\xd5d\x11\x8c\xc7\x1e\x80\xa7N\xad\xc8$\xe5\xe7\
\xae\xc0\xf2Q\x92\xe9\xcf\x83\xb5\xbds\xfe\xb8\xf0\xdd3\
\x8a: \x04E$\xfb\xf3\x02\xfd\xd7\x17\x8f\xbfU!\
^[\xe4\x22n0\x8a\x05\xedu\xab\xa8\xdd\xa8\x85\xde\
`E\x86h\x19\x0e\x5c.\xb5\xc0#\xcfIDKX\
\xb6\x97\x8b\xf0D\x84\xb0C\x07\xdcH\x08*`Db\
\x14ub,cy=\xaai\xd0\x1bG\xf2\xf2x%\
\xf3\xa6\x08\x98H\xe6\xcee}\x0f\xd7\x9c\xdbU\xa7i\
\x1d\x87a\x83V\xa3A\xe8E\x89\x1a\xcf\x900\xc6\xd0\
\xae\x95\xd8O\xe1\xf3p\x92%\xe1\x07\xc1\xae95*\
\x8b8\xf2\x98<q\xda\x9e=\x9c\xbd\xf9\x8c\x9e5\xf1\
\xa3/7W\x8dh\x14\xda\xeew2\xfcO\xad\xc4a\
\xc2\xf7\x19\xf8\x87\x81x\xdd5\x12\x89\x97\xa2\x8eM\xec\
;\xe4\xe7\x9bR\x7fSCU7A@DF\x16\xcc\
N\xac\x13\xda\xfe\xd2\xa4\xe9\xe8\x83M\xaaM!4\xe0\
\xeep!\xe4\x9bx}\xcc\xba\xe1\xf7\x8e\xd9\xbbq\xf4\
\x5c\xb7\x92\xe5\xc1\x03k^h=\x92\xb3\xa9\x97\x92\xf4\
`\xc9\xb1U\x86\xc3'\xce\xfc\xbc\xd6\xd5\x90\xdd\xca\xd9\
\xc7(\xa3L\x01\x86\xa6D,\xa2\xa9b\x10k\x9ap\
d\xf1\xf6\xabJ\x86OtKd\x1c\x90(\x15\x9a\x8e\
\xd88g\x9cj>\x86\x10+J$\x8a\x0d\xab\x8a\x94\
L\xf3N.\xdev@\xc9\xf2\x06\xf3\xc0\xfa\xb9\xa9W\
\xdd\xcdS[%\xc7L\x8d\xc0|\x1a\xa93^\x89a\
\xcc;\x0e-X\x7fL)\xe3\xc1\x88\xb5\x193\xea\xc5\
\xd6\xc2fb\x8f\x16\xa1[p\xd2S\xdb3\xf1\xfa\xf2\
\xe4\xb0\xd8\x07\x8edm\xf6K\xe6\xa6D\xa6lZ\x12\
Q\xd2^\xf1]#\xd7\x11\x07C\xd6\x03\x0d0\x89c\
\x22>\x18\xcaE,\xf2\xb3\x160#\x0ag\x17]\x10\
\xea\xd2\x05V\x84F\xc0\xbbP\x81\x08\xf1\x1f+\xf6\xaa\
-_\xb2\xaf\xb7R\xae\x13\x9e\xd9\x9fk\xfe\xb6\xb2d\
}\x15\xd34\x13\x9d\x85\x22\x9b(\x91\x18!\xb4\xfc\xa1\
>)c\xb6\xcc\xc8kBmW`H\xfaD\xd6\x86\
\x0d\xda\x0ak\xcd\x81k\x9c\x8d\xf6\x84Z\xb1^\xe0\x84\
$\xae\xf7\xc2\x92\xc5\xbb\xe6\xf8[\xd0&\x14\xcc\x19^\
\xc6\xd7\xa5#\xe1\xdf\x8e{\x8e\xf4\x15\x22\xed\x0fG\x8e\
\x9a\x90(\xc5,\x8dc\xcc\xbfS\x8a\xdd\x80\xadS\xf3\
ZJ\x97\xecN\x1b\xac\x89\xfd\x95V\x84\xe9\x01 \x8f\
?B\xeaY\xeb\xc0\xafkJw\xe7J\xb9>m\xf6\
K\xe4\xa8\xf5`N5\xd38N\xf6\x8a\x8c\x10A#\
\xde\xcd\xc6e\x9e\xc8\xde\xbaNQ\xf9D\xb9\xb5\xe1N\
\x81\x13I\x8c\xd1B\xb2F>A8\x81\x11\xf7e,\
?\xfa}\xce\x8e\xfc\xa39[\xdeQ\x8a\xf9\x83t|\
a\xd1\x8a;\xb9\xd8y@\x86*0\x1a\xd0\x8e\xab\xa4\
\xe1\xa1=\xf9\x17\xb2\xa8\xb2\x0b|\x12y\xb0\xe0\x85\xc4\
\x06\xb6\xfdM\x18\xc70E\xa2O\x08\xd1B\xe0&p\
\xb1/\x1f\xcb\xd9\xb2M.\xe5\x1fQ\xba\xd0VN \
\xa4\xd6\xdeD\xf6\x9d\xf9\x8a0L@3h'\xfcm\
\xd1\x87\x1b\x06\xb2\xd1\xbf\xe5\x14O\xe2T\x8d\xbb\x85\x06\
\xa6-\xff\xa9\xcd\xcb\xfaS\xa5\x17|\x12\xb9,6\xad\
\xb5r.Z\x03\xad\x07\xc8\xc43\xe6\x9d'\x17}\x90\
\x8f\xba\xee0>y\xec\xc1h\xc9|\xda\x0d\xad/>\
\xb8\x96\xd4p6\xdd\xc8w\x9e]\x04\xebP\xb4R$\
 \x9cZT\xf4F<\x89\xf8\x94:\x13\xec\xc0\xf5\xa9\
\x83s\x84\xfc\xd0^\xbaB)\xe2\xc1\x0dD\xa6l\xc8\
\x1ew\x8d\xb4\xff\x14\xdf\x94\x9d\xc1\x10\xb3\x14R\x1dF\
4/\xd2\x02\x01\xa0\xf0\xd1\xc5\xce\xa1\x96>\x13\x070\
\x91\x1bM\xa2\xae\xc3\xce\xb8\xb4\xe7\xf8\xab\x05;\xce\x7f\
yv\xec\xda\xe7f(\xc5\x02\x81\xd4\xcfb~.\x82\
\x18;\x180\x06'\x0b\x09>\xeb\xa5\xb6\x19\xa9\x1f\xbe\
\x9c\xa2\x94\xa1\xb8\x81H\x99\xb5j\xbe[\xde[@w\
2\xb0NH$Z\x0c{\xe9o\x8b\xb7\xb7\xd1\x02\x01\
\xe2\xe3g\x0bZ\xce-\xda9\xf7\xf9\xd1\x8f\xf6\xedM\
,dP\xaf8bg]Q\x17\x84\xea\x9d\x8fmX\
4F)\xd6-\xfe4\xfb\xbd\xfap\xc9\xb8\x84\x83^\
\xc1\x1eA89\x919\xddzy\x09M(\xe8Dd\
R\xe1\x82\xc8V\xe2\x9c\xae$\x01\x22\x09\xe7\x0d\xa7O\
/\xdd\xb1[Q\x04\x8d\x15\xe3\xe77G\x11#\xf9\xe2\
\xe95$1\x14\xc8\xc0\xc8\xaf\xb4\xd6?\xa1d\x07\x84\
\xfb\x8d\xe1\x1f\x86\xf2!\x17\xe5\xd1*\xc3*\xd8\xa7=\
\xb6!\xd7\xa8$;\x13\xa9u4?i\xd7\xb8\xb5J\
\x92\xce\xff\xb1\xda\xc8M\x0c\xe3o\x9b\x178\xccz\x13\
I2\xf7\xa1\x93\x07\xab\xd7\xf6Q\xd4\x01a\xe3\xdc\x8d\
\xee(m\xafM4L\x14\xb4qNSU{\xf9\xff\
(\xc9\xceD\x9c:\xf74o\xd6\xa1\xa2\x9e\x1f\xdd\xfb\
\xceng\xa9\xae\x98\xbcq\xfe\xf0Ao\xcf8\x95\xbc\
v\xd6/\x93\xf33\x1e\xb6\xb2N\xf2\xd67\xdb\xc9\xc1\
\xab'qOH\xf4<wD)\x1a0\xee\x89N,\
2\x88:\xfa,\x07>!v\xadk\x9a\xfc\xd4\x85\x88\
U\xb4\xd3\xd8U\x06\x08\xd1I\xdc\xa1\x8d\xd3_m\xc5\
d0\xa8kj\xfcI\xad\xa6iX\x85T\xf3f\x05\
w\xed\x8br\xa9\x9e\xbcyb\x1b\xe1%\x9e\xf4c\xa2\
>{\xf4\xa1Gw*E\x03\xc6\xfbiy\xd5!\x92\
\xe6[\xb4K\xde\xbeH\xa4E\xe8\x18\xa5d_'\xf2\
\xd4\xf6W\x07\xda$w\x04\xb2\xa0\x07!\xa0\xdd\x8b5\
\x1eV\xb2\x83\xc2\xe9Wv\xe5\x8f0\xde9)^\x8a\
~-\x9a\x09\xddf\x11C\xf8~\xa2e\xf90\xae\xcf\
\x83\xe7rv>\x967d\xbaK)\x1a\x14`W}\
\x08\xdd\x8c1\x836\xba\x898\x00\x8f\xd6\x98\xe7!R\
SS\x95\xc4\x03U\x9c\xa9p\xdd\xc0O\x8b\xd6|V\
\xc9\x0e\x0a8\xa6\x8ef\xbds\xb04gW\xde\xa5\xec\
\xbd\x19\xf1\xceHx.\xfe\xf57\xd9[o\xc91*\
\xccl\xe8Y\x1aW\xf0\x87\xbd\xe2\x80\x85\xd6\xde\xd6F\
\xa7a\x0f\x11\xd1\xc0%B>>\xd1\xd0\xd2\xc2\xb2\x1e\
\xcajJ\xa9\xea610<v\xae\xf2x[02\
\xdc\x05\x8d\xb2_\x81\xa3\x19\xb5\xd3i\x10\x121\xcfC\
\xa4\xc9\xd6l\xc0\xed3\x1em\xb0\xebp)\x19;x\
d\xb9\x9c{\xeb\x18\xb2\xe6\xe9g\x0fu|_\x96\x92\
\x9f\x16\xccB\xe8\x13:\x93\xae\x82F\x0c\x05\x1e\xec\x18\
R\xd7\xd6@\xa7`\x0f\x91\x0e\xde\x05\x11\xa5\xccX\xb4\
,C\xf2\x1e|\xd6A\xd3\xb7\x88\x94\xb7\xd3\xe7\x5c&\
-[\xda\xb5.\xae\x924o\x1b\xb9:\xddk\x8d\x0a\
\x1e\x15\x0d\x97\x1c\x10\xb7\xf4\x19\xf9\x08\xe0r\x87\xdbI\
\xd3\x1e\x22a\x1a\x1d\xc6\xb6\x9c\xa0|$\x92\xfb\xc9\x06\
\xcf\x82\x13,R\xf2g\xce\xb9\xcc6m\xe6\x197T\
\x0a\x87v\xd6\xad)'\xcd;\x86\xad\x9ey\xcbd\xe2\
\x22\x06\x18q\xfc\x22pe\xe3\xa0^\xa3V6\xd1C\
\xc4b4w\xe0\xe1\x07O\xceH\x07\xafi\xfe\xbf\xe2\
\x87\x01rnp\x18\x9a\x9f\x96YIZ6;9\x1e\
jQ<\x08\x9fN\xce\xcdU2-;\x86\xaeI\xf3\
\xcc\xffA\xa1\xcd\xd9\xdf\x13YP#\x07\xdb\xa7\xc8\xb0\
^\x1d\x98\xf2\x10!\x1db\x99\xcc\x15\xc6\x08\x14\xc6k\
\x0f\x9b\x86\x1fLUA`\xf8\xaaY\xb3!\x9c\xdew\
\xd3{\xae\x1b\xe1b\x05\xee\x8a\xd4\xbac\xc4\xaaY\xa9\
\x8a*`\xd8\xb4\xc2`\xbc}\xa170`'\x8e{\
\x83\x93\xa3\x13\x92\x87H|l\xbf\x8bZ8CH\xd8\
gP\x0c\x17\x9c\x06wK\xb2\x9c\x1b\x18\x92\xf3\x9f\x9e\
]\xc94~\xe8\xe60\x9c\xfc\xc3\xc9\xba4\x15L\xe3\
\xae\x945\xc1\x91i\x16\xadw\xd3\x9b\x1bxF2\x06\
I#\x99\xe3\xfa\xd0\xfb/\x0f\x91\xbd\xb3\x7fWad\
\xb4\x8d4\x080\x0e\xa1`\xbbd\x7fP\xc9\xee\x16)\
\xab32\xae0\xcd\x1f\xd0p\x92\xbb\xf6\xa6\x80r\x9a\
K\x12\x90\xc9\xcfxJQu\x0b\x9bd\xff\x89l\x9f\
\xecj-\xc3V\x14O\xcf\xa3\xc7\xed\xeb\xa1\x05\xd0\x13\
\xc3a\xc8\xc7?\xec\x1ab\x97\xdc\xe3\xb3\xb6\xe7F\xd1\
\xcc\x9b`\xc8\xea\xa7\xd3\xaf\x90\xc6\xad<\xc3w\xaa\xaf\
;\xb8`\x02\xb8*5\xed\x1e\xb6*}\xaa\xa2\xf2\x8b\
\xb4m\xcb\xfawH\xfc\x18\xb4K>\xb9\xb2\xd0#\xfa\
\xaf\x95\xec\xceD\xcc\x92\xf6\x13u\xcf\x8f\xb0q.\xcd\
_\x1b+\xd3\x94\xa4O\xdc\xbd&-\x0dz\xa2\xc8\x01\
\xe1\xa4\x0e\xec\xc0\x01\xce\x826.\xb1M\xbb\x87\x16\xa4\
\xddtk\xff}Ce\xba\x83\x93w64\xfaA\x22\
\x04\xe3\xc7T\x01\xe8D$\xce\xd0\xff\x80A\xd4z\xf6\
AX\xfe\x9a\xab9+7\xd7\xf7\xcd\xc5\xf0Uii\
\xd5RK\x91\x8b\xc5\x9b^\x04\x14\xa3\xad\x04\x0e|\xcf\
\xc5\xf1\xda+BK\xf1\xa8\xd5\x19>\xc9L\xdb\x93\xab\
\xab\x17\xda\xb2\xd4\x9a\xf13\x5c2\xb4\x0f\xe8\x17\xf5\x7f\
\xb2\xa6\x0b\x91\xcf\xe6\xafh\x0e\x95t^\xdbv\x86\xb4\
i\xec\xc9\xfb#\xca2\x15\x85\x07\x8f\xbf\xbbpZ\x13\
\xe7(2h\xb4,l.\x89\x16z\x92N\x14\xd7\xe7\
\xc7\x80\xa0\x83\xd5 \x9c1\x92\x10\xadF\xdb\xc8\xd8\x8b\
\xa7\xae\xcb\xf9\x99\x92\xe5\xc1\xb9\xaa\xf3/\xc2Y\xdds\
\xe1\x80FGiB\xf7\xed\x9d\x91o\x975\xb2C:\
\xe1\x91\x0d/\x8d9f\xfb\xe1\xafn\x166,\xd40\
\x96X\x04m\xdd]\x91\x03\x92\xbfzf\x1dL\x062\
\x0a>/\xd07\xc5$\xc8\xf75\xa4\x86\xec9\xf1\xf5\
\xe9K\xf6\xbaA\xde\xe7\x99\x9b\x03'P\x89$\x84\xc4\
\x9dJ\x1d\xf5\xe3\xfb\x08\x91\xef\xec\x92C\x1c\xfct\xaf\
\xdd\xf1#\x1b\xb3\xe3\x8f[/~\xd7\xaeq[\xa8\xb1\
P\xbd^`\xf9I\x11\xc3\x86\xef\xcb|\xcbsc\xef\
\xd3}\x83\xf2\xa7\x7fT\xcd5O\xc5\x97p`\xe1N\
3^\xb4\xec/]\xb2\xc7\xef\x0c\x93\xfc^zi\xb9\
\xb3.\xc9O\x95>\x80\xd3(K\x12\xf5?:\xf1\xdd\
\x8bE\x9esE'H\x12\x93\xb4v\xda\x1f\xab\xa4\x96\
\xc9\xb8\xaf\xc2\x1b~\xbc\xb2\x8c\xe7-\x7f(]Z\xfc\
\x8cR\x8a\xc2g\xec\xa7\xf4\xea\xffJ\xa8\xa8\x13p\xf0\
\xd2N\x01]5\xd32uD\xe13\xcb\xe4\x12\xff\x1e\
\x0c[\x9b\xf1\xfb\x1a\xa9m2\x9e=\xe4\xe0\x10I\xa8\
`\xb4\xdd\x1b\x91\xf4k\xa5\x88\x07>\x89|4g\xe5\
\x85>L\xe4\xabx\x1bN\xc9\xc0?<\xab\x94\xf3\xf5\
\xaf\xdf\x93\x9f\xd9#[\xf2\xee0\xba \xf3\xe5r\xa9\
\xe1Ul\x17\x81C\x0fo\xfe\xa3\x84\xd0\x05\x7f\xc8\xfc\
}\x15Uz\xc1'\x11\xc4\x13M\x09\xab\xe3I\xc4A\
9P\xe4\xcap\xb1;Oj\xd7\x8f(\x9c\xf5\x0aU\
\xfc\x0b\x803d\xca\xdaYo\x9c\x97jW\xc26\x87\
\xea\xd0H\xdc\xbe\xc7\x91\xe8\x03g_\xda\xb1\x95*\xbb\
\xc0/\x91\xbc\xbc<1\x81\x89\x99\x1a#\x98*\x90\x8c\
|r\xa4{%\xa6T\xa8_\x91\xb4f\xc6\xee\x07>\
Xl\x96K\xab\x90i\x07\x0a\xeco\xdc/\xa9xd\
Kv\xf46\xf3\xd9\xff-\x13k\x97\x09\x8cL\x02\xdb\
\xc5\xa1\x11+\x86\x95L\xbec\xec,hB\xf6j\x17\
t\xdb\xf2}k\xb2\xfa]\x10\xab\x0f[9g\x02\xa6\
\xb1\x16\xe4\xc4\xe0\xf7#\xc4\xd4haM\x0b\xa66&\
\x15\xef\xed]Vr\xd1U\x9f$\xefO\xba'$\x97\
\x90\xc8@]\xef\x13\xa9\xb5\x03\xc7\xe0\x14_/\xb6.\
oe\x1c1\x12\x0cl\x1c\x13j-&^W24\
<v\xe2\xc1\x17\xb6\xd4)\xaa\x1b\xd0}\x8b\x80\xf1\xeb\
\xe6\xf5\xadt\xd5\x1eid\xad\x09\xf2\xd2';\x05\xc7\
\x0e~\xe1\x13&\xeaOrZmB\xa3d5\xa3\x01\
\x81\x00\x9d\x81uE3\xc6z\xde\xe9n\xb0r.\xd8\
\x10\xca\x9bU:\xb0!\x0f\xc7h\x94\x18^2\x881\
O<\x98\xe3\x9f\x04\x22 \x22\x88\x17\xf7\xad\x8c\xf9\xf3\
\x95\xe3{\xab\x99\x86\xf18\x01`LbX \x19\xfc\
\xee\x0f\xc9\xe1sp\x00\xc3\xf1\xa2\x0bXa}X\x0b\
\xad\x0f\x98 \x89x&\xea\xcb\xa7\xee\xba/m\xc5\xe4\
l\xcf\xfa\xe5\x0fA\xb5\x8c_h\x9e\xaf9\xb0\x0c\xe6\
\xf5\xd7l\x8c\x0d\xda\x84\xe6\x03\xec\x81\x80\x01\xc4L\xa2\
\x91\x8f\x16C_>\xb7tg\x81\xa2\xed\x16\xc1\xba\x90\
b\xd2\xdb\xcf\xdfQ\xa6i)l\x849^P.\xbc\
{\x02\x1a\xe8\x9eh\xc9\xfc\xf9]!\xfd\x97~6o\
\xe5\x05E\x1d\x10n\xcb\x88q\x85s~\x5c\xc3\xb7\xfd\
\xa6\x85\xd8\xa68\xe0\xb0\x84aq\xbd\x83\xd4_>\xc8\
\xf1.\x8f\x1d\xaf\xee\xa3:\xf9\xb4g\x14\xb4\xeepb\
\xfc$AoY~h\xfe\xe6\xe3J\x89\xa0\xd0#\xde\
|\xb8(\xa7\xf7\xc5k5\xd3a\x9b\xfd\xa4]t\x8c\
v\x12>T\xa0\x93?\x88j;<\xcbS\xa9\x00\x0b\
\x1bGB$M{\x98\xc6tB\xeb\xe4\x8a\x93\x13\xe2\
\x8a\xf7\xa7\xae\xaaWJ\xde\x12z,,<\x80\x05-\
\xb5\xafm\xe4\xd5\xd6\xba\xc1N\x83\xd0\xaf\xc1\xdenr\
\x0a.b\xe2t\xc4\x1c\x12n\x0dq\xea.\xff\xc8\x12\
q\xe6\xe3\xcc\x95\xa7\xa1W\xbc\xba\xe8\xbf\xa0P\xb6\xe1\
\xffv\x0c\x07\x19\x02b\x03\xe9\xb1\xdflu\xc5\xeb \
\x15 x\xf5\x1f\x8a\x0a\xc0c \xaa\xae'\x80$\xf0\
P4\x91\xa6\xfeE\x08\x01\xb9\x06\xf2<M]\x07\xea\
n\xe9\xc2\xce\x0f\xd01=F\xc4\xd7\xa6\x11\xef{?\
\x05\x81S\x9b\x07\x18\x0a\xa7@*i\x0a\xa6|\x90{\
A\xbc/\xf00\x8d\x86\xa1#P\x8f\xe9\xae\xc0\x1e\xbe\
\x1fd4Mu\x06\xe6\xe1;(X\xbf\x0a\xacO\xad\
\x1b\xed\xf0\x09_D\x10\x9f\x81<\x22?R\xe0E\x9a\
\xba}F#\xfe\x04\x12\x0b\x82\xdf\xbb\xab_[\xa3!\
\x87@rA\xd2A\x8a@\x0aAT \x01\xcc\x8f\x07\
\xc1P\xf5\xee]\xac\x03\x7f\x98\x83!\xb7\x1cD}\x0f\
\x09}\x0b\x82\x8e\xc1k)|?(\xa0Q\x18\xc3\xaa\
\xe7N\x82\xa0g\x10\xb8\xe2>)?RO5\xcb\x8f\
\x148\x9d\xaa\x0e\xc02\xde\xab\xf3\x15\x10$\xa0\x02C\
U\x0d-$\x89\x04\x11X\xe6{\xf9\x91\xf6@;\x88\
:V\x91\xa8O\xf8\xeb\x11\x9cI\xf0\xf2\x0b\x8d\xc2F\
\xfe\x01\x82!\x87\xbd0\x08d,\xc8k x}\x83\
!\xa76\x84(Q>[@\xd4\x10Ao\xa2\xa1\x9e\
\x0b5\x80\xf7l\x85z\xac\x1f\xc9?\x0c\xa2\xd6\x87u\
a\x1e:$\x07\xa4\x0c$h`w\x1f\x05\xc1\xf0A\
2\x084\x06\xbd\xee\xef\xf6\x11\xf3\xd4\x90Ao\xe3\x80\
F\xa0\x0e\xf3\xd0\x09*\xbc\x07\xfbB\x10\x0c\x1blg\
&\x88\xfa\x9e\x0a,\x87\xb6\x04\x1dZ\x084\x1a\x7f\x0d\
\x87\x15x\x03\x7f\x96\xe7}\xcf\xe5=\x96\xfc\x11A\x0f\
c\x08\xaa\xe3\x09\xcb`\xdd*\x11\xccS\x9d\x85\x9eW\
\xdf\xc3\xd0R\xc3\x1bO\xa37\xfc:O\xc5\xcd\x16D\
\xfc\xc9\x06^\xff\xe0 \xf4\xfe\x09+\xde%a/M\
\x01A\xc30\xf61\xf4p\xba~\x1c\x04\xbf\xce\xc6/\
=\xf1\xc6e\x02\x08:\x02\xaf\xfeQ\xbf\x1e\x04\x8d\xb3\
\x80\xdc\x01\x82\xc6\xe1\xb5'\x0e\xe69 h4:\x0a\
\xbf\x0c\xfa;\x08\x86\xf2&\x10\xdcJ\xe1\xf5\xcf\x97 \
_\x81\x04\x0d\x0c!u\x90w\x85:8\x83\x01\xf6\x8c\
\x1a\xff\xf8\xbew\xdd\xfe\xc2\x15\xcbc\x0f\xfa\xcb\xffO\
\x02!\xff\x04\xef\x8a\x01\xc2w\xcb\x90z\x00\x00\x00\x00\
IEND\xaeB`\x82\
\x00\x00\x18\x91\
\x89\
PNG\x0d\x0a\x1a\x0a\x00\x00\x00\x0dIHDR\x00\
\x00\x002\x00\x00\x00?\x08\x06\x00\x00\x00\xa2\xa1\x9bo\
\x00\x00\x00\x01sRGB\x00\xae\xce\x1c\xe9\x00\x00\x00\
\x04gAMA\x00\x00\xb1\x8f\x0b\xfca\x05\x00\x00\x00\
\x09pHYs\x00\x00\x0e\xc2\x00\x00\x0e\xc2\x01\x15(\
J\x80\x00\x00\x18&IDAThC\xddZ\x07t\
\x9d\xe5y~\xee\xdeC\xba\xda^\x92e<\x01\x1b/\
\xf6p\x1c\xc0\x8c,\x0e\xcd(\x84\x10\x08\xab'\x94\x06\
\x92\x00\xa5\xd45\xe9I\xa0\x94p\x8a\x0f\xd0\x986@\
\x18!\x09\x9b\x04\x13Lc\x1b\x13c\x1bo\x8c$\xcb\
\xb6\xaca\xed+\xe9\xee\xf9\x8f>\xef\x7f\xef\x95%c\
\xc0n\x9c\xae\xc7~\xa5\xfb\x8f\xef\xff\xde=\xfe+\xfc\
\x7f\x81\xa9\xf8\xfb\x7f\x15\x96\xff\xfa\xd7\xf6\xd6\xb7\xd6/\
\x88\xa53\x0b\x12\xb9l\xbd\xd3\xe4\x18\xf0\xbb,/\xfc\
\xe6\x99U\x9d\xc5[>\x86\xffqA\xae\xff\xeb\xbb\xab\
\xb3\xc9\xc4i\x03\xe1\xc8\x9c\x94\xa6-RU\xed\xe4|\
.?'\x9d\xd5a2\x91\xa0A\x87\x0a\xb7\xd9\xadU\
T\xb8W\xbc\xf9\xe2\x93\xf7\x15\x97\x8e\xc3\x7f\x9b \xcb\
\x97/7\xf7\x8e`b\xff`\xef\xfcd\x22\xbd \x95\
M\xcfv8\xed\xcb\x22\x91\xb4K%\x1f\xc2.\xc8\xb0\
\xddcA\xa0*\x80\xb2Z7\xfc5A\xf8\xaa\x03P\
S\x0a>\x5c\xd7\x8aXg\x0c\x8d\x13\xaa\xbf\xf3\xf2\xf3\
?\xfb\xf7\xc2S\x0f\xe3\xcf\x22\xc8C\x0f=\xe4\xda\xd6\
\xdc9#\x9a\x88\xcf\x8f\xc4\x12s\xa0\x9b\x17\xaa\x8a2\
/\x95\xcd\xf95cK3L\x16\x1d\xee\xa0\x13\xbe*\
\x0f\x82\xb5>\x04\xab\xfd\x08\xd6\xf8\xe1\xf4\xda\xa1YT\
C\xac\x02s\x9a\xf1\x13I\x1d\xbf{t\x13\xbc\xba\xb5\
\xf5\x8f\xbf\x7faF\xe1\xe4a\xfc\xa9\x82\x98\xee\xbf\xff\
g\xfe\x0f\xf6l\x9d\x13\x8d\xc6\xe6\xab\xbau\x81\xa2\xe2\
\xf4x65MUU\x9b\xf0`\x92-\x1c&xB\
d\xb8\xda\x8b22\xec\xaf#\xe35>\x98\xed\xbcN\
[\x94\xb8\x16G:\x1aK&\xdd\xcc\x9f\x1a6\xbf\xd0\
\x8c\xe1\xfd\x83\xcaE\x17-\xae\xba\xff\xee\xbbG\x0aW\
\x0b8.An\xb9\xe7G\x93\xf6\xb7\xec;\xd9\xa4[\
\x16%R\xa99\xf9\xbc\xbaX\xd7Q\x9f\xcb\xd39\xf8\
(\x85\x9a\xb4\x8akTxPVE\x0d\x93\xf1@]\
\x00\x9e27\xcc62c\xd6\xa0\x99\x14\x831\xb3.\
[\xeb<.\xb1 \x22\x8bDG\x01\xef\xd7L*\x0e\
\xac\xed\xc4\xdeumX8o\xf6\xc5?_y\xff\xdb\
\xc5\xab\x06>Q\x90\xebn\xfe\xc1\x8c\xbe\xa1\xf0|E\
\xd5\x16E\x12\xa9\x996\x8b\xf5\xfcd*\xedVE\x81\
fn\xc9\x95\x0e\x9f\xcd`6X\xe3\x85\xb76\x80\x0a\
j\xd9\xed\x13\xd70\xf3z\x8e\x9b[\xc80C\xd5\xa2\
\xc0\x96w\xf0\x5cA\xe7\xba0l\x08Pb\xbc\xf4\xfb\
\xe8\xec\x88\xe0*\x15\x10n\x8a`\xe3ovcBy\
\xe0\xf65\xaf\xfc\xe2\xe1\xe2e\x03\x1f[y\xeb=?\
j\xdc\xfe\xc1\xeeG\x92\x19\xe5RE\xd7\xa0R\x91V\
j\xd3\x13t\x90a\x0f\x83/\xc8@\xa4\xa6\xab\xdd\xb0\
\xb9\xc57\xc8\x04\xef\xe3]\xa4\x22\x9bd\xd2\xa4\xe7\xd1\
\xdd4\x82x\x7f\x023\x96\xd43*x\xe5\xe8|~\
&L\x5c(\x16\xc9\x86U\xac~l\x03j|\xc1\xe7\
\xd6\xbe\xf1\xcc\xd5\xc5\xcb\x06\xc6=\xfa\xc6\x1bo\xb4\xb5\
v%\xf6\x0edb\x0du\xb3+Q=%\x84rf\
\x0do\x95\x97\xfe\x5c0\xaf\xa4B\x93\x04\xab\xf8\xad\x08\
!,\xca/\xe33\xc1ME\x10\xb3\xae`\xcbK-\
\xe8\xdb;\x88K\xbew.\xac.n5\xeaF\xc7\x09\
\xd1\x80\xc4\x92b\xc6o\x7f\xba\x0e\x01\xb3\xbbe\xc3\x9b\
\xcf\xcf*^5 \x8a\x1aE{8wS$\x96l\
8\xed\xd2Y8\xfd\x8ay\x98\xb2p\x02\xbc\x93<\xf4\
!\xd1\xb2\xe4\x1b\x11\xc1V\x10\xc4\xe0I~P\x00C\
\x08!\x89n\x11\x941\xa3Z\xe1r3\xde\xf3\x1av\
\xbc\xda\x8am/7c\xcf\xef\xf7ap\xdf0\xcc\x8a\
\x95\xaeb\xf8(\x9f[T\xc0\xa7B\xf6\xe1\xee\xcct\
A*5\x9fU\x1b\x0b\xd2\x1d\xc68A\xd2\xf9\xf4%\
\x9a\x8b\xd1{\xca$\xde&\x01l,7\xfe\x1dFa\
\xe3\x8fo/g\xc8\x18\x99\x8b\xf6\xa4\xb0\xf6\xdf6\xe1\
\xe0\xe6\x1eZ\x06\xe8\xdf\xd7\x83\xee\xe6~\xb4\xbd\xdf\x8f\
\x8d\xcf\xed\xc1\xb6\xd7w\xc3\xacZ\xf8T\xc6\xcc\xb1\xc8\
Q\x84\xc4V\x80q\x98\xceemw\xdc\xfb\x93\xc5\xc5\
\xd3\x06\xc6\x09b\x81\xdd-YD\x15\x9f?\x8e\x0dF\
o\xa6\x10\x11\x0a\xf1\xeeS[\x90\x1a\xc9c\xca\x82\xc9\
\xf4\x06\x13\xeafM\xc0\xe5?X\x82\xa5\xdf]\x84\xea\
\x93\x82\xe8l\x1a`\x91\x93\xb8\x92u\xe3\x14\xfb\xe9\xa0\
\xd4A)\x90\x5c\xd7\xda\xbc\xf7\xe4\xe2Y\x03\xe3\x04\xa1\
\x0dv\x993\x1a\x12\x914\x17\xc9F\xc7\x0a\xdaLb\
\x86\x0a\xf8pu\x13\xccV3>w\xfd\xe98\xed\xd2\
F8}f\xc4\x87b0\xd9\x00w\xc8\x8a\xc5_=\
\x19\xe7\xdf\xbc\x00Vo!\xf3\x1d\x13\x8a\xbcH\xce\x93\
\x84#\xae\x9d\xcac\x9eq\xb2\x88q\x82\xf8\x1c\xd6\x0f\
u\x9e\x8a\xf5\xc5\xb8\xf884U\x84\x12\xd7\x10\xedN\
b\xd2\x8cZ8*Y#\xf8t\xd1`4\x92\x00\xb3\
1A\x16\xac\x16\x04C~\xe3\xfe\xff\x0a<\x01\x89Y\
\x0d\xaca\x9fl\x91\xba\xba\xea\x9d\x22@\x94\x82\x88\xaf\
\x1f\x0fD\xbb:\x83Q3\xe7\x91L$i\x1c\x07\xcf\
*(\xab\xa4+\xe4\x81\xf8`\x02z\x9e\xcf\x14\xe9\x8e\
'0\x8a\xd0Y\x8f\xf8\x1fV\xa7\x05\xae2'\xb2\xd9\
\xec\x5c\x9e\x1b\xd5\xb6\xa5\xf8\xdb\xc0\x17\x96-\x1dj?\
4t\x97fW-\x93O\xad\xa3)\x99\xa9x\xaf\xfc\
3\xb2K\x91\x01#\xf8\x8fpo9\xb4ZlHG\
3\xe8\xfe(\x8c^\xa6\xdd\x08\x15\x12\xe9I \xc7s\
\xed{\xfaq`c':vv!\x9d\xca\xa1\xbc6\
\xc4\xdd\x0b\xcf\x1e\xfb\x9cO\x82\x89\x0a\x16\x12>F\xba\
\xe3\x88\xf7\xa5\x5c\x07\xda\xdbWm\x5c\xffN\x5c\xae\x8f\
\x13d\xfd\xfa\xf5\xea\xdc\xd3\xcftN8\xb5\xa6\xd1[\
\xed\xf7\xa9\x19\xc6M\x86\x95#G\x95\xaa\xf4P\x13\xd3\
\xae\x99\xf5DDd\xbb\xc1F\xa3\xb8Rdd\x92`\
\x05\xaf\x9bZ\xcd\x0e\xd6\x8a\x91\xbe\x04\x86;\xa2\xc8\xc6\
\xf8\x10\xcd\x04\xbb\xd7\x82\x8a\x86\x10l&+zw\x0d\
bp`\x10S\xe6L\xa4O\x14\xaa\xfd1\x81\xda\x12\
A2\xc3Y\xf4\xef\x1f\x84\xd3l[\xbfg\xe7\xa6V\
\xb94\xee\x19W\xdfr\xfbY\xe1\xfe\x91o\xa7\xb4\xf4\
\x97\x863\x99J=K\x8bhb\x89\x02\xc3\x16Vx\
\xe9XC\x93\x03\x98\xc4L\x14\xaa\x0fP \x85W\xf8\
\x98\x92\x95KV#\xf3:\xfb\x19=m\xc3o\x1f{\
\x1b\xa1\xaa2\x9c\xf5\xadET\x86\x86]o\xb6\xe0\xe0\
\xd6N,\xbd\xe1\x5c\xb8'\xda(\xcb1\xba1\xf7\xd0\
\xcd*F\x0e$\xf0\xde\xd3[\x11\xf2\xfbW\xac\xff\xdd\
s\xff \x97F-\xf2\xf9/_\xf5@[\xd7\xc0\xcf\
\xe3\xe9\xe1\xf9.-\xe3\x99V\x96\xc0\x9c\x9a4\xe6\xd6\
d0\xbd&\x8e)\x81\x1c|\xd6,R\xb1\x1c\x06\xda\
\x138\xb8\xab\x97\xd9-\x85\x093\xe8\x22\x92\x18D\x0e\
C\x16n&D\x81,L\xbdf\x87\x8a\xbe\x96a\xc4\
\x22I\xcc<s\x8aq>6\x94\xc2`[\x0c\x13N\
\xa9\xa2b\x1c\xbc\xbb\xa8\x84\xcf\x80\xa1+\x0am\xb3Y\
\xd1\xba\xb9\x1d>\xa7#\xde\xde\xfa\xe1/\xe5\x9a4H\
\xb8\xeb\xc7\x0fM[\xbdz\xfd\x0fk\xfdy\xfc\xf0\xb2\
a\xcc\x9f0\xc0\xce[\x5c'ol\x0c\xddJ\x89s\
L\xcf\x16d\xcc6\xec\xeb\xad\xc5\x8f\x7f\x1f\xc4\xfe]\
\xfdh\x5c8\x11\x81\xc9^\xc3\xb5\x04\x12\x94\xe2\x8af\
6\x8ey\xc6\x8c\xc9\x94g<0s\xb1\xbe$\xe2\x19\
X\xb9\xbes[7l\x1e3\xca\xd8\xce\x8b\xd8\xc7\x8a\
\x82\x9et8\xe8\xba.\xbf\x03\x99ln\xb6q\x810\
,r\xde9\xcb\xea\xf7\x1e<xS\x8c\xe3\xe5\xe6\xfd\
\x0e|\xd8\x1d@\xfb\x90\x15\x07G|\xe8\x1ar\xe3\xc0\
\xa0\x07;{\xfcx\xb7\xad\x02\xafo\xaf\xc0\xd3\x1f\xb8\
\xd07\xec\xa6\x90&L;}\xaa\xe1\xff\x02\x11\xc2\xac\
X\xf0\xd6\xe3\xeb1\xb8g\x04\x1e\xbf\x8b=\x96\x0d\xf9\
\x98\x8a\xde\xfda\xa8i\x05\x1f\xfd\xc7\x01\xa4\x98\xd5\x16\
]>\x0f\xeeZ\x1b,\xe2V\xc7f\x90\x22Dp\x1d\
\xfd\xad\x11 \xa5\x94w\xee\xffh\x85\x9c5\x1e\xf1\xb7\
\xcb\x1f\x98\xff\xc6\x1f\xde\xdf\xd6P\x99\x87\xc7\x94B\xeb\
\xa0Tw'\x83\xdaFf-\xfc-a\xadp\xd3,\
\xc3%\x87\xfa\x00\x971^Z\xc3.,\xbd\xe9Lx\
k$\xd5\x16`bzm^\xbf\x0f{\xdf;\x04U\
5\xc1*\xad\x0e\x13\x849oa'\x9d\x86-\xe0\xc6\
\xa2K\xe7\xa0\x8a\x15^\x97\xfe\xc5\x10\xe4X\xad\x22\xf3\
\x0b\xb5\x9f\xb3`\xf5\xa3\x7f\x84'o\xee\xdc\xb0\xfa\x85\
)r\xc5p\xad\x12\x16O\x08\xe3\xb6\x0b#\x9c*\xb3\
\xe8\x1era$\xae\x83\x99\x92\xeb\xadp\xdb4\x04=\
:j\xcbT\x04\x9dY<\xbe\xa1\x96\x828\x8d\x948\
\x16\x12\x8c3\x96L\xc3\xd4\xd3\xea\xd1\xddr\x08\xd1\xde\
\x142\xec\x16\x06\xf6\x0f \xc0\x94{\xc17\x17@u\
\xaa\xd0ti.i\xc9\xe3\xb2\x06\xa3\x89.\x1c\xee\x0d\
#\x13M\xa32\x14z\xa9x\xa1\xe0Z\xe7^pa\
m\xeb\xc1\xae\x9b\x0eE5\x8c$\xadR8Q\x17\xc8\
\x82\xd9\x12\x8d\x95\x194T\xa4P\xc3i[\xda\xbc\x96\
A;^\xdd\x11\xc2\xea\xdd~\xa48\xcd60F\xec\
\xde\xb1\xfa(\x84\xae\x85\x85\xcb7\xa9\x0c\xb5\xb3\x83\x98\
<k\x22z\x9a\xba\x99\xe1t4.\x9a`\xdcc\xd5\
\xac\xd4o)\xcc\x99\xd6\xe5'\x99T%\xc5\xf3\xb7\x92\
6!1\x94\xe4<\x13c\x8b\x93Br8\x85|R\
2\xa4\x99\xd9\xca\xb7\x01\x83\xb8k\xfe\xb4\x9aGY2\
\xe4d\xe19\xe2Z\xaf\xffa\xe36\x07+s\x8es\
\x84\xa6\xd9Y\xab\xb2,p\x0a\xec<\x07\xcd\x06U\xd3\
\x90\x157\xe0\xa1\x85\x16\x82]C\x8e\xed\xf8\x91\xae5\
\x1e\xf2xq\x1fZv8\xc7#\x1d\xde\xa0\xc7(\xee\
2\x16H\xe5\x17\xf5Xx]\xa3\x00\xc2\xec\xa1\xad}\
\xe8\xa1\xf5R\x14\x82[r\x85\x08Vx\x961\x22s\
R\xb4;\x1d\x11\xb7\xc9\xfdZye\xe0\x9f_y\xf6\
\x91=\x85\xabD)F\xbe2/\x82/\x9d\xda\x8b\xed\
\xddN\x1c\x0a\xfb0\x94\xb0\xb0\xb5gkNM\xba\xe8\
Z!\xb7\x86I\xe5y\x9c29\x8c\xf5\xaduxf\
s9>\xf7\x19\x82\x08\xf3\xd2!\xb0\x7f1\xf4\xce\xd1\
\x19\xe9H\xdcp\xb9H_\x06J*\x83S/\x99\xad\
\xf44\xf7\xa4v\xbd\xbe\xc7o\xa1p3\xc5\x0b*\xb3\
\xa8\xa4\x17\xf8\xe9\xc6\x16\x8b\xb8\xa1\x0d9\xce6C\x09\
\x17\xf6\x85\xed\xd8\xd5\xe9`\x16uiS\x1a&_\xf2\
\xd2\xcfW\xbe=\xea\x13\xb2]\xc7\x90\x02z\x04\xae\x5c\
\x10\x81[\x0f\x1b\x0cH\xcfe\x92\x805b\xc1\x84<\
\xd5\xd9=\xe8\xc3\xfe>c\x8c\xa2fI\xd4\x98\xa1\x11\
\xae(|\xa0\x00\x9a\x05\xf9\x8c\x8a\xf8H\x02\xb1\xde\x04\
\xa2\xfd\xc2<\xddd \x89\xbc\xd1@\x8a_\x93\x15\xa7\
#\x13v\x0e\xcd\xe8h=\xf4\x1e\xb3\xa0\xff\xfb\x17G\
\xb0d\xfa\x00<\xd6\x1cYgGA\x88\xabi4\x8b\
N\xab\xa9\x0c\xebX\xd6\x86W\xb6M\xc1\xaa\xf7\xcc\xe6\
\xae\x8e\xe1/\xf3\x96\xb7G-\x22\xae%m\x87\x9d\xad\
H\x99?\x8e\xe9\x8c\x8fr\xbf\x02\x97\x9d\x99\xcadg\
\xce\xb6!\x1c\xb3`\xef\x10\x07\xa7\xb8\x83[\x14\xe6\xf5\
\xcf\xdf\xbc\x18\x9eJ\x0f\x142=\xc2\xde\xca`X\xda\
\x93\xfe\x11$\x86\xd30\xe5%\x1eD`\x13\x1cn\x87\
b5\x99\xb6\x9b\xcd\xa6m\x1e\xb7\xbd\xa9a\xd2\xc4-\
v\xa5z\xd7\xca\x95\xb7e\x97]y}\xb8\xa7/\x1a\
\x12\x97vX\x15\x9cT\x91FM\x19\xe0u\xe7YX\
9\xaf3\x03\xc6R&\x96\x03\x07:F\xacH\xabl\
\xe7\xb9\xbf\xcddzx\xe7\xbaWo\x1f\xb5\x88d\x9f\
3&\xa6QK!v\xf5\xbb\xb1\xbb\x977w\xb8\xe9\
\xa7NC\xeb&\xf6\xe1n{\x86A\x9f\xc2\xe9\x0dY\
D\xd9z\xack\xf3s\xd2\xb3\xe56\xbf\xb1\xcb\xd2\xb3\
{\xc0b\xe5\xd4'\x01\xab[MtE\xc7`\xb5\xb3\
l\xaf\xc9\xadnw\x05\x1c[*\xcbC[\x9ez\xe4\
\xc1}\xc5\xed>\x06\x991B\xee\x11\x5cvZ\x1e;\
;\xcd\xe8\x1c\xb1`\x0f\x13\x8b\xa6\x96\xd1\xce9^e\
\x8a\xa5@A\x0a\xb6`b\x0e'\xd5\xe6\xf0\xcc&\x1f\
c\xa6`\xb5\xc3\xaeE\xff\x98\x10\xcc\xe3\xceK;\xc9\
\x1c\xab\x86\xe6CF\xd1\x90\xcc\x89\x03\x01N;\xfb,\
j\xcaN\x81T\xfa\xec#k\xebi=\xce\x15m\xda\
\xa5\xee~\xcb\xd9\xe5.\xdf\x02\xab\xcd\xbc\xad\xa6\xb6\xbc\
\xe9\xe4\x19s\xfe\x98\x8f\xf6\xf6\xafX\xb1\xa2\xb0\xf8\x18\
\xa0i\x9c\xfbh\xbak\xcf\xee\x82\xeb\x5cv\x14*\xbd\
\x80\x8aI\xe7\x15&\x15\x0b\x9cV\x1dn\xa7n\x08c\
\xd1sh\x8bV\xe1\x85\x8dv\xd6&z\x0616o\
\xe2\x8d\x8f\xech\x1b\x9a\x89\xc5S\xa3\x98\x1dJ\xa1\xcc\
\xcb\x19\x86\x85Ogc8\x90`G\x1bwc\xffP\
\x056\x1ft\xd0b\x85\xe1\xc8\x01\xab\xf2\xfa\xaf\x9e8\
\xea\x8b\xe5\xe3\x02\x8b\xe6`\xc2\x8b\xabVM\xc3\x99\x8d\
1\x9cR\x9dFUP\x85\xdf\xa5\x90I\xceHi+\
\x12\x03:\x0e\x8d\x04\xb0\xb3\xd7\xcb\x0e\xc4\x85\x8c\xc5\xc1\
p\x17[\x8d\x11D\xf2K\xc0\xe1Dg\x7f\x16\xbb\xba\
9\x8b\xc8l\xcaTg\x84\x97b7\xdcK\xa16$\
\x9e\x03l\x1e+\x5c\xb2qqq\x11\xf2\xa2\xbas \
[?4<\xb8 \x95\xcbNU5\xb5.\x9d\xce\xc3\
f\xb1\xc0\xe3\xf5\xe4s\xb9LsE\xd0\xd72\xab\xbe\
\xe6\x03Z\xab\x18\xf2\x05H\xb0z\xb9\x9b\xc6\xfa\xf2\xf2\
\xce\x10^b\x8a7K\xa6c\xb2\xc9[RL,R\
w\xe4\x0dN\x1e\x0e\x8e\xd4\xb5~\x15\xc3\xec\xce5*\
@0.k-\x995\x84\xbf:\xaf\x07\xfb\x06<\xcc\
Lv\x0c2\xb8\x92y;\xe3C\x81\xc7\xc6i\xcf\xab\
cr9\xbb\xe1\xaa8\x9e}\x7f\x1a\x9e\xdcT\xc6d\
Y\xc0\x17\xaf\xba\xe1\x8bk>\xd8\xf3@*\xa1\xccT\
\xa5\xdeHNc\xdcI\x83\x93\xe6\xd1H2e\xd4\xa3\
\xf0p\x02\x1d\xbd\x83\xd9\x0b.\xff\xc6\xaaE\xb3\xe6\xdd\
\xf3\xe0\x83w\x1a\x83\x91\xec\x1f\xf4E\xf1\xdc\x8d=\xe8\
\x8d\x98\xd16\xe0\xc0@\xd4\x82h\x9e\x9a\xcb\xbb\xa8\x8c\
<\xfcn\xce;t\xff\xc6\xaa,\x95\xea\xc37\x1f-\
C\x16\x01Y>\xde\x22;\xda\x9d\xd8P\x13\xc0i\xf5\
)\xcc\xab\xe1\x9c\xcd,\xc6$*I\xd8\xa8\xb8*5\
6\x92pc\xdd\xbe*\xbc{P\x9a\x02n\xa2(\xb8\
\xe4\xeb\xd7_x\xf0P\xf85\xbfS\xc3\xb2\xc56\xcc\
=\xc9\x8d\x86j\x0bB\x01\x1b\x1cv+k\x87\x8ex\
2\x8b\xde0\x9b\xc6.\x05\x9bv)\x8e\xe6\xfe\xf8\xad\
\xef7m\x93\xb7\xea\x17\xcb\xfe:\xab\xdfp\xda\x85\xe7\
\xb7\x94\xe3\x9ci\xc38\xf7\xa4$\xec\xd6$\xd38;\
=yg\xac\xdbHfv\x13N4\xf79\xb1v\x0f\
\xa7Q\x93\x87\xd7\x8e\x0cv\xfekc\xa7\xfb\xf7oz\
ac0\xf9]9\x04\xbd\x0cp\x9b\xe4\xf0<29\
+\xa2t\xa5h\xdaNm\xc8\xc0e\xa7Xt\x08>\
!\x15\xcf\x9c\xa1\xeby\xcc\xa8\xf7\xe2\x9c\xb9.\xccm\
p\xa1\x22he`\xd25%\xff\xf3>\xb5\xc2\x85\xc9\
\xd5&\x84BInnC\xc7\x9a4\xb29\x9cY\xdc\
\x9e\xe7\xccH+n<\xb1\xc1\x8aU\x1b\xaa8\xfb$\
\x10`yt\xb3_r\xf2\xba\xbc'O\xb0m\x19L\
0\x15\xeb.\xee\xcf\x86\x96\xa32\x9d\xdeX_\x14\x84\
\xf1\xc0\xcd\x96\xcea{=a\x10;\xd9\xc6w\xb3\x8d\
\x1fN\xe9\x88\xa4\xe8Z:\x83\x8aYcR@\xc1\xc2\
\xc6!,d 6\x0d\x87\xf0\xda\x0e\x9f\xb1ZR\x93\
\x99\x8f\xda\xd2\x12\xc7\xd6\x8fR\xe2\xe9\xccr\x0cT\x1f\
k\x87\x9de\x8fSf\x22\x99C\x8c\x8c(\xb2\x17\xfd\
_\xbaj\x9f\x8d\xdc\x95@\x9dT\xfb\x86q\xfb\x85Q\
\xec\xeep\xe0\x00]\xab?nE$\xca\x18a\x80\xda\
\x19\x9f^'So\x83\x093\xab\xfb\xd0H\x8b/\x7f\
\xa5\x02\x8a\xad\xd0U\x14\x05\x11\xf3P2\x0eD\x17\xcf\
\xca\xe0+\xf3\xc3\x86?\xeb2\xae\x16\xd9,\x0c\xffL\
}<\x17e\xb3\xb8\xe3\x1d\xa64P\x10\x06\x89D\x04\
u\x8e\x7f\xbaa\x22\xc2\xf1,Z:S\xe8\x1dT\x10\
I\xb0?\xa3\x8f\x8bk\xd4T\xba1\x8f-\xfc\xb4:\
\x0b\x16\xccv\xe1\x91\x17\xc3h\xeb/\xcc1\x02\x8d\xad\
\x8b\xc6V\x7ffE\x06\x9f\xa3\xb2\x84'\x9d\xc1.m\
\xbe\xf1\xba\x96\xecI\x01\x14>\xc5\xcd\xb7v\xd6\x18\x9c\
\xa9\xca\x11\xc1.7\xbc\xb3/\x84\xcd\xff\xea\xe5\x84\xc8\
\x80\xaa\x1eF\xb9G\x82\x5c\x82\x96\xf9<gf\x0a\xe6\
t8dGS\xbb\x17#\xccd\x92i\xe4\x09\xd2\x11\
\xa8\xdc\x84\x93/\xae8\xdb\x05\xd7\x05,d\x14O\xa7\
_\x9b\xd8\xae\x17 \x8aP\xc8\x94\x8e\xcea\x0b\x12\xf2\
\xa6\xb1\xf0\xb2\xcb\x80\xbc\xd4\x08\xa7\x03\xb8r\x95\x1d3\
k\x92\x98\xcd1\xbb\x8e\x1e\xe0\x95\xf4\xcb^O*{\
\x82)\xb8k\xd8\x89\x1d,\xd6]a\x8faU\xf6\xea\
\xc6\xfaQ\xd7\x92\xca:\xb5*A\x7f\xe4\x94\xd8e\xc1\
{\x07$\x05[\x0d\x86$\xf3\xc8\xabT\xf9\xaa\xc0\xc5\
\xecQ_\x9e\x03\x87;4\xf7\x88K\x16`&\xd3\xf7\
?\xdb\x83\xc7_\xd51g\x8a\x17\xf55\x8c\x07\xfa\xb8\
\xd5A[1\xd8%i\xf5\xb1\x97k\xee\xc8\xa1\xab7\
\xc7Zm\x85\xc7~x\xbdh;\xc8v\xe84*q\
g\xaf\x13-}n\xdaX\xdc\x9a^\xc1\xbdE\x11\xe0\
\xfeV\x0eg\xe5^\x13\xce9I\xc5\xc6\xfd\xe2\x0db\
\x971\xae%!\xb9\x90e\xff\x8ee-\x88g\x02\xe8\
\x8b\x990L\x1fM\xd2\xeb\xc4\xbd\xbc\xb4L\x05\xd3o\
e\x99\x06\x9f=\x89G74R\x90r\xe3\x012?\
Jg\xb0\xf4\x0c\x1fz\x0e%\xb1\x83\xb1\xf2~\x93\xbc\
Ab)\x13\x97\x10&\xf8\xc1f\xce\x1aE\xf6\xbc\x05\
\x01\xecn\xcb3n\x0a\xbb\x0bt\xd6\x06\xb7#\x85\x7f\
\xf8j\x1b{3\x0b\x06c\x8c\x91\xa8\x82h\x96\xeeE\
^m\xec&\xbc\xac]5\x01\x0d\xd5.\x0e~)\x1f\
6\xb7\xd6\x22\xcb\xd8\x15\x18\x82\xf8\xaa}\x07\xd9\x85\xe6\
\xde\xda\xeb\xb1\xeb\xb6\x06,\xaa\x8f\xa1\xb1\x5c\xc5\xecI\
)\xb8hV\xe9\x80sl[\x86hZi\x9f\xb7\xb6\
\xd7\xe0\xed&\xce\xe3V{*\xa7\x99\x9b\xb9\xd3y\xf2\
u\xc2\xd5K<\xccXA\x8e\xd2\x1a\xeb\x05c)\x91\
c\x8c0\xae,f\x06\xaa\x15\x15>\x17\xfc,d\x12\
3\xdf\xfe\xc7\x1e\xecM\x1f\x8e\x11A\x7f\xd2\x89{_\
\x9c\x8a\xf3\xa6\x871\x9d\xae\xd5P\xc5\xa4\xc1.\xd8j\
\x96\xae\x9b\xd91cEO\xc4\x8e5-.\xack\x0e\
\xd0\xaa\x1e\x8eE\x85Jf\xb8\xb9\xe0\x1b7\xdcz~\
Gw\xf8\xc9x<\xdd\xc0\xdcf\xf8\xb6\x99\xccI\xe1\
\x94\x9b\x8c!\x87\x02I\x85\x15K{\xbc\xae\xceI\x15\
\xfe\x1b~\xf5\x8b'\xde^r\xd97\xee\x1d\x8a\xa7\xef\
\xab+\xd3q\xd1\x02'N\x9d\xee\xc2\xc4\x1a;\x0b\x98\
\xd5\xa8\xea:\xb3V\x9a\x89\xa4\x7f\x84\x89\xa0C\xc3\xc6\
\xdd\x09lja\x85\xb6\xdb\xe3\x9b\xd7\xbcd\xf4:\xcb\
\xfe\x82\xdd\xef\xc0H\x88S\x871*\xc8\xb0%\xbe`\
\xb6p #\x1f:\xd3\xbdF7\xcb\x8b\x8b3\x11\xb9\
lY\xd6\x146H\xb0>\xbc\xf3\xdd\x17\x0fw\xbf\xbf\
|b\xe5\xfa\xb5k\xd7N\x7f\xec\xa9\xe7N\x1e\x1eI\
-1\xdb\xac\x0b\x07\xc3\x11V\x11\xab\x83L\x87b\xf1\
xO \x10\x8c;lzS\x85\xcf\xbb\xee\xfc[\xaf\
\xdf}\xd3\xc2\x85F5\x12\xf1$\xd8\xa3Y\xe0\xc95\
\x0c\xe85QN\x98\xecX\x19\xdc\x12\xc4\x86\x02$\x03\
2\x0b\xc9\x94gc\xda\xb5X\x0an7\x0a~\xae\xf5\
D\xf0\xc8\xb5\xfd\xf8\x88\xc5v\x7f\x98]@\xd4\xc9g\
\xda\xd8\xc0\x9a9\xa9\xa6Y\xdbT\xd4\xf9\xd9Y\xd4\xa6\
Q]\xee\xc0wV\x95C\xb1\xb3\xd7'F\x05\x11,\
Y\xb2D\xec\xb4\xb3H\x9f\x8a\xe7\x9f~\xbc\xf8\x89`\
\x7fd\xa1\xb6~zk\x1d\x1c\xa6\x0c\x9a:2lq\
\x5cL\xbfl\xc0\xd9=\x9b9.{]&\xc6\x97\x1d\
\x8d\xb5:N\x99\x1e\xc4\x1d+;\xb0\xafGRx\x01\
\x1aM\x9e\xcc\xd8\xd0\xde\xe3de\x1f\xc1\xb2\xd9y\x0a\
Z\xc8l\x85\xd9\x9e\xca`a6q\xac\x88\xa4\x9cX\
\xbdW\xb2\x96\x0df\xf6[\x82Q\xd7\xfaS\xb0\xe4\xb2\
\xab\xee\x1d\x8c\xa5\xee\xbbj\xa9\x0bW\x9c\xe7\xc5\xc4j\
q)#K\x18\x0c\xc8Oy\x8d#.\x9bd\x0a\xdf\
\xda\x9c\xc2\xfd\xcfG\x91\xc8\x9b\xe3[\xd6\xbc8\xeaZ\
\x87\xfa\x87B2\x09\x06\x99\x99&\x852\xa8\x0dI#\
Kg\xe6\xba,c4\x9a\xb4p\xa8\xe2\xac\x12\xb3\x1b\
\xef\x0b\x18:\xb0\xeb\xee\x87\xb7\xbf\xfb\xeb\xdbO\x88 \
K/\xfb\xda\xbd\xfd\xc9\xe4}6\x85n@\x9f\xaef\
z\x9cP\xe9@y\x90\x8e)-\x0e\x95\x96L)\xe8\
\x1bV\xd1\xd5\xaf\x191 z\xf4\xda\xad\xf1M\xef\xbc\
<*H6\xd2\x13\xbab\xfe\x08\xb6w:q\x90\x0c\
\xa7\x98\xb1\xf2Fa&\xd32\x87P9eN\x053\
*\xf2\x98Z\xeb\xc0S\xef\xdb8=:\x1e\xde\xce\x09\
\xf1\x84Yd(\x16\xbf\xef\xa6/U\xb1V\xc4\xd1\xdc\
\xa9\xb0AL\xd3U\xe8\xa9\x05Sp|\x05Gh\x0f\
\x1a&\x981\x7f\x86\x07\xbf\xdd\x18F\xef\x90?\xbe\xe5\
\x9d\xe7\x8b\x82\xdc\x10\xd6\x12m\xa1\xe7o\xe9\x85\x0b\xf2\
\xfd\x8c\x89\x83\x9d\x0d\xf2\x06H\xea\x90\x9d\x99\xcfe\xd3\
9\x1fI\xeb\xaa\xa0#R\x89\xbf|\x82\xb5\xcej{\
x\xe7\x1f^;A\x82|\xe1k\xf7\x0e\xc4\xd2\xf7\xad\
\xbcu\x22\xce\x9d#gTj\xdc\x8e<\x19\xc9+\xdc\
\x98YV^+I\x02\x90\xb7\xf1)\xce\xdb\xd7\xfe\xb8\
\x0d]\x83\xae\xf8\xd65/\x18\x82\x5c\xf0\xc5k\x1e\x1e\
\x8c\xc4\xfef\x92/\x86\xc5\xd3\xe2\x98]\x99GuY\
\x06~\x07\xe7!\x96\x80\x9c\xcc\xecL\xd7\xed\x11\x17>\
\xea\xb6a\xcb\xfer\x0ai\xc7\xa4\xba\x09\xd7\xbd\xfe\xcb\
\xc7\x9f<!\x82\x5cu\xdd-\x17\xb5\xb4\x0f\xbde\xd2\
b\xa6Y\x0dN,\x9c\xe9c\xa7kF\xb9\x8f\xd9\xc6\
N\xd7\x22\x13\xe2Z\xbdt\xad\x96\x0e\x05\x1f\xec\x19a\
C\xe8GE\xc8\xf1\xda\xda\xd7\x9e\x95\xb7 \xc6P\xb6\
\xa5\xf9\xe0\x9d\xd1h\xf6\xb6X*[]\x88.\x96\x01\
\x891\x0a\xaf\x1b\xad\x8e4\x9c\x1a\x1bE;\xca\xdd\xd6\
\xbd.\x87\xe3\x07k^~\xea\x0dY\x7fB\x04\x11\x5c\
}\xed\xedg\x1d\x18\xeaY\x91Mf\xcf\xce)\xaa\xfc\
y\x00\xf7\xa7)\xc8\x84@2\x8f\xf1\xe5\x10/8]\
\x8ev\xbf\xc3\xfd\xd8\xb7\xaeX\xfa\xd85\xd7\x5c3\xa6\
\xbe\x17p\xe5u7\xcfHd\xf3\x8bt\xd5T\x9f\xcb\
*A-\x9f\x86\xcbA\xebjz\x87\xd7\xef\xeb\x09\x06\
\xab\xb7=\xfd/+\xda\x8b\xb7\x1b8a\x82\x94\xf0\xad\
\xe5\xcb\x9d\xb6\xa8rVggw\x0d;\xda\xbal6\
m\xcc\x1a~\xbfO\xc9g\xd2Ms\xe7.l}`\
\xc5\xf7\xc61\xf1\x7f\x19\xf2\xd5\xf22R\x8dqt\x02\
0\xd6\x22\xf2\xd0'\x8b\xbfK\x05\xb1\x83\xf4\x14\xe9D\
kP\xbeZ\xfe\x80t\x09i\x9d\x9c8\xd1\x90\xef\xe3\
\xd6\x16>\x1ax\x82d|\xb5\xf5g\xc0A\xd2\x05\x85\
\x8f\x7f:\x0a\xe3\xd5'\xe35\xd2\xe5\x85\x8f\xa3\x90\x11\
\xfa\x1cR\xbdq4\x1erN\x98\x1b\xf7e>!\xc7\
\x0bI\xe3Z\xa2\x22d\xcd\x19\xa4#\xaf\xc9\xb1\xac\x19\
\xfb\x17\x0e\xf2Y\x9e/<L+~6\xf0Y\x82\x08\
\x03\xef\x14>\x1a\xf8<\xe9\x15R\x90$\xd6*\xfd\xcd\
\x94l*\x96\x93T:\x91\xb4\x83$\x90f\xea7$\
aTb\xc2H\x95cp=\xe96\x92\xb8\xb4\xac\x11\
\x06\x053I\xe2\x19\xc2\xec\x9d\xa4\x9f\x90\x04\xb2\x8f\x9c\
\xff\x0e\xe9\x1e\xd2\x1a\xd2Q!\xae\xc5\xf9\x02\xd7\x92\x1e\
$\xc9\x06\x15\xa4\x12\x06I%\x0d\x09\xd3\xa5w\xb9\xdf\
%\x89\x80%\x88&\x05\xf2\x0c\x11\xb8\x04\xf9;D\xb1\
\xa6@\x5cK\x18\x12\x08\x83r\xad\xa4\x98\xf7I\xa5k\
b1\xe9\xb2K|H\xcf,\xfc\x09F\xadu4\x8b\
DH\x12\x80\xa2My\x88\x1c\x0bDKrN\x04\x10\
\x81\xcf'\x1d\x22\x09\xce&q\xf0\x1c\xc5\xd6\xe2oa\
Z\xac'\xf7\x0bm\x22\x1dny\x0f\xaf\x91\xae[\xd6\
\x88\x05D(ap.I\xd6\x08\xd3\xef\x91\xe4|\x09\
r,\xf8\xc4.]\x16\x96\x82]\xcc\xdcK\xfa;\xe3\
\xa8\xe0f\xa2\x8d\xb1\x0f,A\xdc\xe7G\x85\x8f\xe3 \
\x99\xa9\xa4\xd9#qd\xb0\xaf&}\xbf\xf0\xd1\xb0@\
\xc9\xaaGBx\xf8X|~Z\x8cdHw\x93\xee\
 \x89\xdfK\x0a\x16\xeb\x94\x82_\x04\x92\x98\x11\xec\x22\
\x8de\xaa\x14\xd8\xa2\xb1\xcb\xe4D\x11\x12+c-2\
\xf6\xb3\x5c\x13\x8b\x09\xc4:c\x93\x8c\xc4\xd7X\x8cu\
\xf7\x8fA\xea\x87XC|\xb5\xa4\x0daF\x82P|\
V\xae\x7f\x9d$V\x12\xedm \x19}\x12!\xee#\
\xc7r\x9f\xc4\x8aXVP\x0a|\xb1\x8c\x04\xe6JR\
\xc9\xa2\x1f\x92\xe4\xfe\x9bI\xb2\xe6.R\x09\xb2\x7f\x17\
I\xd6\x08\xc9=\x02\x11H,\x22\xcf9!\x10\x06\x8f\
\x06\xd1\xd4X-\x97 \xe7K\x19\xa9\x049\x16\xa1>\
\xe6&c \xca+\x09\xfe)\x00\xfe\x13\x90OJc\
\xcc\x88\xee\x18\x00\x00\x00\x00IEND\xaeB`\x82\
\
\x00\x00\x01\xad\
\x89\
PNG\x0d\x0a\x1a\x0a\x00\x00\x00\x0dIHDR\x00\
\x00\x00\x0a\x00\x00\x00\x0a\x08\x06\x00\x00\x00\x8d2\xcf\xbd\
\x00\x00\x00\x01sRGB\x00\xae\xce\x1c\xe9\x00\x00\x00\
\x04gAMA\x00\x00\xb1\x8f\x0b\xfca\x05\x00\x00\x00\
\x09pHYs\x00\x00\x0e\xc3\x00\x00\x0e\xc3\x01\xc7o\
\xa8d\x00\x00\x01BIDAT(Su\x90\xbfK\
BQ\x14\xc7\xcf9\xf9|\xd1\x8f\xc1\xbd\xa9\xa9A\x9c\
\x82\x9a\x5cr\xa9\x86\x86\x06!\xa4@\xacp(\x88\x08\
\x84\xa8\xc7\x15\x1a\xdcD\xe8\x0dBE4D49\xb4\
$\x18\xd4\xdf\x10FCT\x10\x11A!\xd8\xd3\xf4y\
N\xf7\x9ac}\x96\xc3\xfd\x9e\xcf\xbd\xdcs\x104\xc9\
\xad\xdc\xb0\xb4\xbc\x0d\x10\x89\xe9\xa3 b\xb9\xbf\x0dy\
\xd7Uu\xd37`:\x9d\x095\xad\xe0\x8d\x00\xf8\x04\
X\x14`_\xc7K\xfa\xd2\x9050\x18-\xe625\
#\xd2w\xd0\xda\xd1\xb5)!\x9c<,(wt>\
\xf2X\x7f\x0dG\x81\xf0\xad\xdd\xf8\xda6\x92\x81D`\
V\xd7\xfdc\xa5\x9a\xaar:\xc7\x1d\xa8\x85Wy\x86\
\x04\xf3\x08hz]\x8c\x18@\x82\xd6\xde\xf5y\x04\x98\
<\x00\x9e\xe0\xa9\xf8\x05\xebL@\x02=\x0f\x88\x08\xae\
\x84%\xf9T\xfd\xa8\x22\x8a\xd5\xf0\xfc\x13\x85\xc8\xc0\x9c\
\x02\xc4J\xcf\x03\xb2\xc8v\xf4 c\xfe\xedK\xe9\xa1\
T\x85\xf7\xcb\xbb\xf1\xe4\xfa\xee\x99\x1e(NH\xf7=\
\x0f\xba\xebI\xad9#L\x9c\x15\xc1\x98ND\xff\xad\
\xac\xb7d3\xcb\x82^\xd5\xcaQ!{\xd0\x15\xff\xc2\
q\x1cz\xfedW\xbf\x95\xb0\xed\xbe\xe9\x7f\xc5_\x04\
\x977U\xa2\xd3\xe6\xc5\x1f\xcb\x8c~\xebT+J\x03\
\x00\x00\x00\x00IEND\xaeB`\x82\
\x00\x00\x05X\
\x89\
PNG\x0d\x0a\x1a\x0a\x00\x00\x00\x0dIHDR\x00\
\x00\x002\x00\x00\x00A\x08\x06\x00\x00\x00\x93\x89\xf7\xde\
\x00\x00\x00\x01sRGB\x00\xae\xce\x1c\xe9\x00\x00\x00\
\x04gAMA\x00\x00\xb1\x8f\x0b\xfca\x05\x00\x00\x00\
\x09pHYs\x00\x00\x0e\xc3\x00\x00\x0e\xc3\x01\xc7o\
\xa8d\x00\x00\x04\xedIDAThC\xed\x9aOh\
\x5cE\x1c\xc7g\xb7)Il\xd4\x1aT\xda\xaa\x89H\
\x05\x0f\x15K\xf1\xe0AP\x8b\x07\x0f\x1e\x04=H\x11\
\xec\xc1\x83\x07/\xe2\xa5\x05AA\xc1\x82\x07/\xde<\
\xb8\xa5\xa0\x07\x0f\x22\x0a^\xa4\x0a\x1e<\x08\xb5\xa2\xe0\
A\xabf\xb5mTH\x8d\xa6&\xa1q\xd7\xdfgf\
~\xdb\xd9\xb7/\xbbo\xde\xee\xdb\xbc'\xf9\x84/o\
\xde\xdf\x99\xef\xfc~3ov753Ff\xcf\xcc\
<-\x9b\x86\xdb\xb3\x1c\x13\xbd\xb3th\xe5\x17\xb7\x9b\
\x9f\xba\xdf\x8e\x85\xfd\xf5;B\x13pBtD\x0c\xde\
\xe6v\xf33V#\x1b\xed\x0d_\xeab$f\xc6j\
\xa4\x0fC\x9b)\x8b\x11\x18\xcaL\x99\x8c\x00f\x0e\xbb\
b\x1ce3b\xae\xa9M7\xf2D\xa5tF\xfei\
\xaf\x9a\xbd\x13{\x9a\xb1fJg\x04.n,\x9a\xf9\
\x9d\xf3QfJi\x04\x16\xae,\xb0\xc9<\xf8Kk\
\xc4\x93y&+|\x89\xe2\x1bag\xa2]fW\xe3\
\xb2\xb9L1\x96\x81K\x99\x91\x1a\x09\x1b\xad\x5co\xae\
k,\x9b\xbf\xfc\xdeP\xf453\xb4\x91\xb0\xf1\xf3;\
\xe6\x1a\x0b\xff6)\x16\xc5\xa6fr\x1b\x09\x0c\xec\x11\
\x91\xcb\xe3\x22\xd5L\xb4\x91-4\x10\xd2c&\xca\x88\
7qD\xb4U\x06B\x8e\x8a\x91\x93\xbe\x9c\xddH\xc9\
L\x98\xe9\xda\xb4Ym\xaf\xceiT\x06\x1a\xd1Tb\
\x0d\xc4\xf2\xa1L\xcc\xd6g\xcdRk\xc9\x9a\xe9k\xa4\
lQHc~\xe7\x9c\xac\x02\x9as;\xfc~\x0fU\
0\x01\xcb\xade6_\xf7[\xa203\x95\xdaDH\
\xaa\x11\xa2qC}w\xf2\x8b\x82R\xd3cDS\xea\
R\xebOw\xa0\xfc\xf0N9\x9d\x16\x91*\xa5T\xe7\
\xc5\xd85k\x11\x8d\xa9\xdads\xad\xbd\xee\x8f\x94\x97\
[&\xf6\x99\xf3\x1b\x17:\xef\x91ND4\xa5\xaa`\
\xe2\xda\xdaL\x97\x09\x08S\xab2)\xf5w{\x85\xe5\
I\xd7\xa21u\xd6*9vp\xbb\xe2U\xec\x18!\
\xadn\xae\xdd\xd4\xfc\xbd\xfd\x87=XbR\x97\xf0\xa0\
\x119\x5ce\x13\xa0\x11I~\xdd?,T\xba\xe8\x8a\
W\x992\x93\x8d5\x93k2\xe9k\x02j\xa4\xd5\xbe\
\xfa\xde\xe6\x85\xd6E\x7f(7a\xe3O\xa7Uz\xf7\
\x99;\xdb\xe7Mt=\x03M\x00F\x86\x8d\x86\x1aH\
m|H\x0e#\x99L@\xeeY\x8b\xe5\xb3pTD\
E'\xb3T\x16If\x13\x90\xd7\xc81>\x03\x14d\
\x00\xa2L@\x94\x11>^\x0a\x1a\x85\x22\x0c\xd8\xa5\x87\
\x10\xfd\xfc\xccF\xa8\xc0\x7fF.*\x0a\xf6\xa3kr\
\xe9\x91\x95LF\x92\x0b\xb4\x22\x98\x94?\xfd\xfc\xed\x0f\
E1\xd0H\xda\x02\xad\x08\xd6\xcdz\xcf\xfa)\x86\x81\
F\xd2\x16h\x05\xc0\xe0\xeeY?\xc50\xc8\xc8\xd0\x15\
\x84L\xd5\xedd\x91$z\x86J\xa3\x9f\x91\x91T\x10\
r\xae\xf5#3^\xc8\xc8\xea\xe8gd\xb1\x80\x94\x22\
\xba\x98Q\x8d\xac\xa36[\xa2\x8c<\x1aE\xb3YD\
\x8a\x88F\xa1`\x84p\x13\x01\x85\xf2\xc8\x06\xf8\xb8\xa8\
\xfb\x9e\x0f?;T.\x1a0h\xfa\xad\x0cj$\x9c\
M*\x97V\xdbl\xb3\xcd`\xf8:\xe8c\x11?5\
\x9f\x15\xad\x89~\x13\xf1\xa6\xffYT)^\x16}\xea\
\x8a\x96\xb7D\xef\xbab_v\x8b>w\xc5\xad'\xed\
=\xf2\x81\xe8QW\xec0%\xba_t\xbb\xdds<\
\x22\xda/z\xd0K\xc1 \xfbw\xd9=\x07\xf7q\x8c\
\xad\x9eg{\x9f/\xc3A\xaf$Z\xc7\xadv\xcf\xc1\
\xbe\xdew\xaf\xe8`\x9a\x91\x03\xa2O\x5c\xd1\xf2\xb0\xe8\
}\x11\x15\x13\xad\xa7|\xf9\x1e\xd1\x84\x88\xc6\xa9\xc1'\
D\x1f\x8a8\xff\x86H\x97>\xa4\xec\xeb\xa2\xd7D/\
\x89\x888\x8d\xa6qd\x03\xd7=.\x22\xcd\xf5\x1e\x9e\
\xf1\x95\xe8I\x11\xd7~'\xc2\x14\xd0\xf8\xf7D\xcf\x8a\
^\x11Q\x97M-.\xe2eHeo\x8bn\x14)\
|)\xac=\xf5\x98\xe8{W\xb4=\xf2\x93+Z\xa8\
\xf8\x8a\x88\x8e\x00\xc6\x1d\xf7b\x16x\xee)W\xb4\x06\
\xb8\x9e\x0eh\x8b\xf4\xf9\xcf\x894\xcdgDaf|\
)\xa2\xa3@\xefSc\x9d\x88\xf0\x83\xe1g\x22n\xe6\
\x22\xfd\x01\x91\xf4\xe0\x18\x060\xfc\x80\xe8WQ\x1a\xf4\
\xd2\x8a\xe8[\xbb\xe7\xd6o\x98\xd0\x14\x80s~\xcb3\
\xc2\x1f)\x99h\x80\xfb\x15\xca\x1f\x89x\xee3\x22:\
\x97\xb6(<\xe3\x07W4g\xd5\x08\xa1g\x96z^\
D\xe35\xbc4\x84\xf1\xf1\xaa\x08#\x9c\x7fH\x94\x06\
\x95 \xaeWh,\xcf\xce\x03\x0d\xffF\xc48\xa2\x93\
\x93_\x8aw\xfd[wr\x8cP\xe9q\xd1\x0b\x22\xc2\
\x8f9\x1a\xa3!\x0e{\x98sT\xa6\x0d\xa7Wy8\
=\x08\x84\x9d\xf3\xda\xdb\xb10\x16i\xfc\x9b~\x1b\x0e\
v\x08\xd3\xdfBN^\x12i\x03h,\x83\xec\x0b\x11\
y\xce`\xe3\x9bg\x06\x22\xd3-i\xa60\x09\x90\xbb\
L\x02\x18b\x9c1n^\x141\x18\x99\xe9\x00S\x8c\
-\xee\xe7\x99\x0a\xd7\x91\xeb\xdcG4y\x9e\xb6\x85\xb1\
F\x99q\xc5$\xc19\xda\xc0u\x0cp\xee\xa3m\xd1\
${Da\xd0&\x09\x1b;\x0ctj\xda\xf3\xff\xaf\
\x18\xf3\x1f^=\xbc\x01#\x84\xb5\xdb\x00\x00\x00\x00I\
END\xaeB`\x82\
\x00\x00\x0b\x91\
\x89\
PNG\x0d\x0a\x1a\x0a\x00\x00\x00\x0dIHDR\x00\
\x00\x008\x00\x00\x00A\x08\x06\x00\x00\x00\x84\xabg\x17\
\x00\x00\x00\x01sRGB\x00\xae\xce\x1c\xe9\x00\x00\x00\
\x04gAMA\x00\x00\xb1\x8f\x0b\xfca\x05\x00\x00\x00\
\x09pHYs\x00\x00\x0e\xc3\x00\x00\x0e\xc3\x01\xc7o\
\xa8d\x00\x00\x0b&IDAThC\xed\x9ayl\
\x14\xd7\x1d\xc7\xdf\xec\xaeml\xec@0P\x9b\x84@\
\xc3\x0d\xa6Jc\x08G\x0fp\x048\x14\xb5M$.\
s\xb9\x89\xda\xa4\xa4U[\xa4\xaa'\xa4\xa0\x1e\x89\x94\
T\xa9\x84\x94\xb4D)\x02\x03\x8e8\x9a\xa3-\x97\xdb\
\x12r\x92RJ\xd3\xd8\x86R\xee\xf4H0\xb8\x5c\x06\
\x83\xed}\xfd~w~o\x99\x9d\x99\xf5\xce\xae\x97\x96\
?\xf8H\xbf\x9d\xf7{;\xf3\xe6\xfd\xde\xfb\xbd{\xd4\
Mnr\x93\x9b\x5cO,\xb9f\x85\x87vn\xe8\x17\
U\xd6\xe4\xa8Vc\x91\xf0\x08\xadt\x7f\xbc\xa1\x17\xfe\
\xca\xb5\x94uIi\xd5\x04\xfd\xb8\xa5t}\x87\xd2{\
\x8arr^{\xa6b\xf6E\xfb\xe9\xebC\x97\x0d|\
t\xd7\xc6\xc2\x96\xb6\xf6\x05Z\xabj$6NYV\
\xe04\xf1L+\xee\xde\x16\x8d\xaa_\xdeYyp\xeb\
\x0akET\xfe\xca\x1a\x19\x1b\xb8`\xc7\xda\xee!\x15\
Y\x02\x83\x96 \x11\xd6R\x97\xd0J\x1d\xd4Q\xb5\xbc\
\xa6r\xeeF\xa4\x095;dd`\xf5\xce\x0d3\x90\
\x83g\xe1v\xfd%*\x9b\xbc\x16\xb5\xd4\x97j\xa6V\
\x1d\x12\xbdK\xa4e\xe0\xac\x8d\x1bs\x0bz\xb4\xff\x14\
%\xfc\x15\xa8\x19\xd7~\x00Z \x8b\xd7L\xab\xaa\xb1\
\xd5\xcc\x09\x9c\xc9\xf9{jn\x89\x9c\x8f\xbc\x88\xe0\xbd\
vLjt{\x87jkA\xdf\x82k(7GE\
\x0a\x0b\xd2i\xa2\xe4\xf15S\xe7~\xbf+.\x1b\xe8\
m\xb3\xea6\xf6(\xd0\x1d;\x11\xbc\xc7\x8e\xf1'z\
\xb5M\x9d\xad?\xa4\xce6\xfe]\xb5\x1c\xff\x87\xbar\
\xe6\xac\xfccc\x85C*\xbf\xa4\x8f*\xbc\xf3\x0eu\
\xeb\xe8a\xaah\xf0\x00Dv\x9e\x05\xad\xa3+\xd7N\
\x9b\xffu\xe44##S\x1a(n\xb9\x1d\x19\xa9\x90\
(\x0f\xed\x97Z\xd5\x87\xbb\xdeV\xa7\xde\xf8\x93\xeah\
\xbd\x22\xb1\xa9\xc9\xeb}\xab*\x9d\xf2\x09U<\xf6c\
\xca\x0a\x85$\xd6\x07\xad\x1e[SY\xf5C\xd1\xd2\x22\
\xa5\x81\xd5;6\xac\x84q_\x15\xd5C\xf3\xfeFu\
r\xcbv\xd5\x0eW\xcc\x94\x82\xdbJ\xd4G\xe7}N\
\xe5\xf7\xeb+1\x89\xa0\xea0|\xe8\x07\xd6N\x9b\xf7\
\x8aD\x05\xa6S\x03\xd9[\xe2\x96_#\xe8\xb9Oc\
\xf0z\xff\xc5\x9d\xb1Z\xeb\x0c\xadu\x1b.W\xd1\xf6\
\xf2qMZM\xa1\x9c\x88\x1a8\xf7\xb3\xaa\xd7\xdd\xa3\
$\xc6\x85\xd6gTn\xa4lM\xc5\xec\x0f$&\x10\
I_\xc8q\x8eC\x01\x82\xbe\xc6\x1d[\xf7\x92\xafq\
0\xe82d\x1dd\x16\xd4;\x1a\x1b\x1b\xbbA\x8a\xa0\
\xe7CFA\xbe\x8c\xf8?\xf0V\xdeo\x88\xb6\xb5\xab\
\xa3H\xb3\xe9\xad?K\x8c\x0b\xcb*\xd6m\xedO\x8b\
\x16\x98\xa45\xb8h\xc7\x86\xa5(u_\xbf\xa7K\xfa\
\x18\x17E\xe6W\x85B\xa1\xe5\xf5\xf5\xf5\x1fJ\x5cR\
F\x8c\x18\xf1q\xa4\xff4d\x92D\xd9\xa0\xd3\x19\xfc\
\xd0L\xd5\xb3l\x98D8\xc0\x0bP#\x13VW\xce\
{GbR\xe2[\x83\x9c~\xe1EKDM\x80m\
\xcem\x1c\xde\xfb\x1f\x5c\xa6\xa3\xa6\x16\x071\x8e\x1c8\
p`?\xee\xe7\x90\xb3\x14rm\x8a\x86\xf9\xdb\xb1\xf5\
\xaf\xa8\xab\xcd\xe7$\xc2\x01J\xa3CY\xcbD\x0b\x84\
\xaf\x81\x9c[\xa2j=\xd3/\xf6\x96\xac='4\x0e\
\xef\xadhhh\xe00\x92.Q<\xf7cq\xdb\xb8\
\xcb\xb2'>\xb1y\x9bh\x1e\xa6/\xd8\xbev\xb0\x84\
S\xe2k '\xce\x12L\x80C\x81\xab\xb7\x8c\xc2\xb8\
\xb9\xc8\xe4\xbb\xa2g\x04j\xf29\x18\xf9\x94\xa81\xce\
\x1d8\xac.\x1c>!\xda5\xe0\xc1\xa1\x90\x95\xbbP\
\xd4\x94x\x0c\xe4\x92\x07\xb57N\xd48\x1c\xc4O\xbd\
\xe9q\xcdU\x19\xd6\x9c\x1fK\x91\xde\x01\x09\xc7\xf8\x00\
\x05\xea\x07\xc6\xfc\xfb%\x98\x12\x8f\x81\x5c\xcf\xd1\xd7E\
\x8d\xc3\x19J\xc7\xe5k\x8382s\x99\x1d\x8a\xa8]\
\x06\xb5x\x15\x97\xc7l\xcd\xe6\xfc\xc1#\xaa\xed\x22\xa7\
\xa5\x89\xc0\x97\xcb\x1e\xdc\xfa|\x1fQ;\xc5k\xa0\xa5\
\xc6J0\x01N\xbf\x5cl\x09\xda\xa1\x04\xa5O\x9f>\
/\xe1\xf2/[\x83!X9\x9f?pD\xb4k\xd0\
Mu\xa4\xbbo>\xddx\x0c\xb4\xa2j\x84\x04\x13\xe0\
\xdc\xd2\xc5\xcbr\xcd\x1a\xbbw\xefn\xc7\xe57\xb6f\
s\xd1\xfb\xde\x18ZE}\xf3\xe9\xc6\xdb\xc9X\xeav\
\x09\xc5\xe1j\xc0=q\x06\x7f\x94k\xb6IH\xb7\xf5\
\xd4\x19\x09%\xa2\xb5\xe5\xc9\xa7\x1f\x1e\x03\xb5\xd2\xc5\x12\
\x8c\xc3%\x8f\x13\xb4\xbf6\xb4\x19\xff\xa2\xed\x22h\xfe\
'%\x18\xc3\xaf\x0d\xc6\xb0tO\x09u\x8a\xd7E\x95\
\x95#\xc18\xacA\x17\xec\x10\x12\xa6Z\xd9\xa2\xa3\xa3\
\xa3U\x821|\xde-x\xf3\xe9\x87\xd7E\x95\xba,\
\xd78\x5c\xac:A)\xe7\x8f\x1c92\xd0\x0b\xd2%\
\x1c\x0e\xdf\x22\xc1\x18\xa1\xdc\x5c\x09\xb9\x88\xea\x84\x82H\
\x86\xd7@n\xed\xb9\x88\xad\xc4\xc3a\xd1b\xf0\xb9\xc0\
\xb3\x89t\x80\xfb\x0f\x91`\x8c\xdc\x1eE\x12r\x11\xc2\
\xea\x22\x00^\x03-u\x5cBq8,\xe6\x97\xf4\x16\
-\xce\xa7\xe4\x9aU``B\xba\xf9\xa5\xfekD\x15\
\x0dy\xf2\xe9\x87\xc7@t2\xf5\x12L\xa0p\xd0\x1d\
\x12\xb2\x81\xd1\xb3%\x985\xca\xcb\xcb{\xe0r\x9f\xad\
\xd9\x14\xb9\xdek\x80+\xbf'\xc1N\xf1qQ\xcbw\
~\xc4=\x14\x17\x15\x5c\xf2H8+\xb4\xb6\xb6>\x82\
\x82+\x10U\x85\xbb\xe5\xa9\xa2\xa1\x03E\xbb\x067\x8c\
/t\xd7\xfbD\xed\x14\x8f\x81\x85\xb9\xe1\xd7\x99\x80\xa8\
q\x8a\x06\x0dPy\xbd\x13\x16\x18\xc8\x8b\xc5\x05\xa8\xb7\
\x902`\xd8\xb0a\xfd\xe0\x9e\xdf\x155F\xf1\x98\xd1\
*\x14\x89\x88\xe6D\xbf\xb9y\xe2\x1cOg\xe8\x87'\
s<+@\x93\xf3\xaeU\x10Y:e\xa2(60\
p\xd2\xa8Q\xa3\xbe'j\xc6\xc05s\x22\x91H\x0d\
\xd2\x8b\x8fmV$\xacJ*&\x88\x96\x08\xb2\xb2Y\
\x82)IR\xfa\xfay\x09$\xc0\xdd\xaf\x82\xdbKD\
\x8b\xb3\x02C\xc6\xc3\x12N\x1b\x1a\x07\xd7\x5c\x83`\xc2\
~k\xc9\xe4\xf1*\xb7\x17\x9b\xa4\x1b\xdd\xa2r\xae\xbc\
 JJ|\x0d\x1c8\xf5o\xdb0\x8a\x1f\x145\x0e\
\xb7\xf6\xb8\xfb\xc5\x0d\x22\x07!\x94\xfc\xcfa\xe4\x93\x90\
$\x83\x96?\xc3\x87\x0f/\x85q\x5cAW\xd916\
y\xc5=U\xbf\xcaO\x8b\xe6\xc2\x0a\xad^S\xf1\xa0\
g\xde\x98\x0c_\x03\xedS\x9e\xd0\x0fDM\x80\xdd6\
w\xbf\xe8'\x0e\xd8\x1e\xbf\x89\xeb\xbb0r\xe6\xa4I\
\x93\xfc\x1aN\x1c\xf6\x96p\xedoa\xb9\xd5\x08\xd5\xb3\
S~\xa5\xf9\x9c:\xbd\xd7\xbb\x86F\x1b\xbd\xa4-\xeb\
\x09Q\x03\x91t\xd3\x09\xa9Y\xd5u\xb5\xaf\xe2\x16\xdf\
\xa2\xe4\xeeWl[\x01=\x92\x0f\xff\x86pU\xf0\x0e\
\x0c?\xc9\xe9\x17g(\x1c\xc4e\x9c\xbb\x0f\xf1\xf1\xde\
\xd2\x17\x14\xe0\x80Y\xd3U\x9f\x09wK\x04^e\xe9\
ek\xa7\xce\xfb\x91\xa8\x81Hn XXW;4\
\xa4\x15\xf7\xf1\xba\xdb1\x89p\x11|l\xfd\xcbi\xed\
f'\x83n\xc9\x9aK(0\xe4n\xc0\xac\xcf\xd8F\
j\xb5?\xafx\xc8\xb8Uc\xc6p\x9f50\x09\xf3\
/7\x7f\xad\xd9r\xe6\xae\x853\xdfG\xf0\x01;&\
\x91n}\x8bUqy\x19\x964\xcd\xea\xca\xe9f\x89\
M\x0f\xf6\x96\xa5\xf7NT\x83\xbe0S\xe5\xf6,R\
\xe7\x1a\x0f\xcb?6\xd4\xc3\x05\xf9\x17\x0b\xfa\xdd6m\
\xf5\xe4J\xcf42\x15\x9d\xd6\xa0\xa1zg\xedOp\
I\x18\xa3\xdcp\x83\x88{(\xe7\x0f\x1e\x8dm\x0c\xa7\
\x82\x838\xc7\xb9\x8f`(\xc8s\xf4\x96Mo\xc3\xf5\
7me\x8d9\xe1\x9e\xeb\xa3X\xa2\xfdB\xf4\xc0\x04\
2\x90\xedqQ\xdd\x0b?\xc3\xcd_\x93\x98\xa4p\xfd\
\xc6m\x06\xae\xc4\xb9Xm\xbbx\xed\xf8\x8c\x13gv\
R\x9c~q\x86\xe2?\x88\x1b#=\xed;##\x83\
\x19hcU\xef\xa8]\xaa-\xb5\x1c\x0fee\xf6\xd2\
\x19\xa7^\xdf{\xf1\xe4\xafv\xb0#r\xbe\x0b6\xea\
\xc5\xe9\x18\x99NF\xb5}\x84\xa5\xd9\x1eO\xdbQ\xd7\
\x09t(\xbd\xc7\x8f-g\x8dAs\xfa;\x87\xa3g\
1\x14=\x22zJ\xd2\xae\x89\xd8\x11\xd6\xd5\xf0hd\
\xa2\x96\xe5)\xd1Y\x01+\x99KHr\xd9\xa5s\xe1\
\xf153\xaa\x0e\xb1\xa6\xc4H\xe7{h\xe43A\x8d\
L\xc7E=,\xd8\xb1a\x5c\xc8>+\x98\x8ea\xab\
+n\xdb\x82\xc2Z\xad\xc3\xe1'\xd6N\x99\xf3O\x89\
\x8bCch\x14\x82\xcew\x04j\x93]2\xd0\xb0\xe8\
\xf7\xb5\x83\xac\xa8Z\x88L\xde\x8f\xfeht\x10cc\
+\x16\x1d}\xcb\x0aY\x9b8\xb7L5\xfdJb$\
l\xec\xbcMf\xc5@'U\xbb\xd6\xf7\x8e\xb4\xa9{\
\xc2:4<\xaa\xa2\xfd\xe1P=\xe1`9\x96\xb2\xb0\
\xbc\xd1g\x90\xa1\x13\xe1p\xce{\x17\x9a\xf5\xbe\xcds\
\x82-y\x0c\xc9\x8c\x84T744\xf8~\x91\x91u\
\x03\xaf7b\xa4\xfb`\xf60\x0cL\xd8\xcb1t\xa5\
\xdd\xfc_\x90\x8eg1\x82\xce\x8e'\xe94\xaa\xd3\xa9\
\xda\x8dJSS\xd3\xbe\xbe}\xfb\x1eEp4\x8c=\
\x82\x1a}\x18qY='\xb9\xc9\x8d\xc2\x8d\xd4\xc9\x98\
\xbcd4y\x80\xab\x8e\xc4\xa5\x14\xc2m\xb8!p\xdb\
\xef0\xfeF\xebE\x999\x0a\xa7\x82\xbe\xfb\xb3\xc9\x80\
\x81<J\xe8\x06\xe1\xc6\x15\x0d\x1d\x0a)s\x1a8\x05\
\xf2y\x08\xb7\x0c'C\xde\x80\xf8~iq\x1d\xe1\x8e\
\x16?<\xfa-$\xed\xd3c\x18I{82\xe4A\
\xb8\xc7\x19\xdfT\xbd\x0br\x0cb\xb6\xed\xca uv\
\xf0\x7f\xcej\x88\xd3\xb8\xbdr\x0d\x0c\x0d\x85\x84!\xf1\
\x83\x1c\xeef\x7f\xc3\x0e\xc6q\x1fF\x0c\x87|\x12R\
\x18\xd3l\xc6CX\xdb\x84\x85B\xdd\x09\x17|c \
\xbc\x87\x85Hx\xa5Nw\x22\x0c;\x9fs\x1a\xc84\
\xd9&y\x8f\xf3\x19V\x04u\xfeo0\xe9\xf2?\x1e\
\x0cM\xa6\xa1f\xa0\xe7\x9f\xeemB\xb3$\xa2A\xbb\
 \xf3!|\x90g\x024\x96\xf0\x94\x95\xffqGm\
&\xa4\x16\xf28\xc4\xc0\x82c&XX\xbc\x8f\xd0\x0d\
\x196\x1b\xac4\x8e\xcf\xf9\xc1fCL\xdbd\x81\xb1\
\x00V\x8a\xce\x0d\xea\xb9\x10\xc2\xff\xa8\x7f[\xa4\x0e\x1d\
M\xac\xc3b\xa6\x19Hv\x1c\xc6\xcf\xb9\x9c\xee\xca\xed\
z\xf3\x89\x17_\xc2gM\x0d|\x11\xb2\xdf\x0e\xc6\xd2\
\xbb\x0015n\x0a\x85\xf0\x19\xd3>X\xeal\x1e\x06\
g\x0d\x9a\xf4\x9d\xb0 MM2\x1f\xbc\xdf\xc0t\x98\
\x07\x12\xf3\x18\xd6 \x0f\xfe\x89g\xcbZ\xe0\x8d{\xec\
`\x0cnX\xba\xbfS1\xffs\xc7\xc8\xb4c\x86\xb9\
u\xc8\xcf3\xe8\xfe\x81\x8e\xbb\x02\xc0m{z\x04\x0d\
u7\x09bv\xad\xfe\xc2\x1f\x1a\xc8\x17\xb3\xe74%\
j0m\xd0t\xbdN\x02\x9d\xae\x02\xeeXSf@\
L\xcdf\x82\xb3?\xe0\xaa\x815\xc7\xe5U\xca\xa1\xc4\
\xb4\xc1u\x10~hn`m\x9a\xe5\x07k\x87\x9d\x8b\
\xa1\x1c\xc2!\xc4\x89\xbbC\x22\xacy\x96\xf0\xab\x10n\
s\xd0EMA\xb1}\x9b\xaf$\x9ci\xbb\xe1\x87\x0e\
4\xc4x\x17\x9fa\x9b\xe3d\xfbw\xa2\x07\x82\xed\x84\
\x1f\x9c\xb3\xf1\xd3\xff\xd95o\x82\x10f\x8a\x8d\x97\xed\
\x90_\x062\xde\xb4+\xf3\x11\x9d\xe9\x81\xd9Y\xb0\xdd\
\xb1\xe7\xa4\x0b\xb1M\xf0?\xb6[v\x0c\x06vD\xdc\
o\xe5\xb2\x87i2\x0dv(\xa6\x13c\xe7d\x8cb\
m\xd1\xcd\xd9\xd6\xf8??\xf7b~\x98\xde\x93\x10\xbe\
\x83\xf1<8\xe5\xa6\xf0s\x90\xa4\xd0\x1d\xe9\xaan\x97\
$4\xca4\xee\xa0\xf0\x19\xa6\xe7W\xc3\xe6\x1dL3\
UM\x98\x025\xf8\xa5\xe7\x83R\xff\x05\xb97\xd1\xa6\
\xb3\x84\x04.\x00\x00\x00\x00IEND\xaeB`\x82\
\
\x00\x00\x01N\
\x89\
PNG\x0d\x0a\x1a\x0a\x00\x00\x00\x0dIHDR\x00\
\x00\x00\x0a\x00\x00\x00\x09\x08\x06\x00\x00\x00\x0b\xa6\xbd\x13\
\x00\x00\x00\x01sRGB\x00\xae\xce\x1c\xe9\x00\x00\x00\
\x04gAMA\x00\x00\xb1\x8f\x0b\xfca\x05\x00\x00\x00\
\x09pHYs\x00\x00\x0e\xc3\x00\x00\x0e\xc3\x01\xc7o\
\xa8d\x00\x00\x00\xe3IDAT(S}\x8e\xbbJ\
\x03a\x10\x85\xcf\xf9WSH\x0a\xb3\x8a\x0f\xe0\x8bh\
\x9d*`\x17\xd0B\x84\x14\x16bc#X\xda\xdb)\
l\x92.\x85\xe03l\xd2\x86<\x82`ka\x02^\
\x82\x88\xec\x7f\x9c\x89\xebb\x9a|\xd5\x9c\xe1\x9b\x0b\xeb\
\xf9\xddv\x8d\xeb\xa7\x90vH\xc4HF\x18\x01\xa0\x84\
`\xe1\x1dE\xbcec\xd8\xeb\x07j\xd2\x98\x7fd\x8f\
\xcd\xb3/\x97*t\x9f\xa4\xf9[KI\xd2a:\xec\
\x1e\x09\xec\x83\xf8\xb6\xadO\x02\xa6\xbe\xcc\xf2&\x84]\
\xbb\xb2A\xe8\x8a>\xb8\x95g\x871\x84\x9e\x95k\x9e\
\xffc#\x97\xb3\xfd\xe3\xeb\x85\xe8\xa4\xa3\xec@\xe2\x00\
dm\xd1\x90%\xf0\xdc\xa4\x1b\x8f\xf6\xf3/\xb3\xbd\x93\
\x07F\xb5\xcbh\x22/\xfe$\xa7\x12\x1d%a\x5c\x96\
P\x88U\xed,\x89\xabX\x12\x8b\xcfbn\xbb\x9e\xed\
\xbf\xd7@\xbe\x94m\x03\xf8\x01\x92\x8aP\x1e\xd5?\xdd\
\x10\x00\x00\x00\x00IEND\xaeB`\x82\
\x00\x00\x09\x06\
\x89\
PNG\x0d\x0a\x1a\x0a\x00\x00\x00\x0dIHDR\x00\
\x00\x002\x00\x00\x00A\x08\x06\x00\x00\x00\x93\x89\xf7\xde\
\x00\x00\x00\x01sRGB\x00\xae\xce\x1c\xe9\x00\x00\x00\
\x04gAMA\x00\x00\xb1\x8f\x0b\xfca\x05\x00\x00\x00\
\x09pHYs\x00\x00\x0e\xc3\x00\x00\x0e\xc3\x01\xc7o\
\xa8d\x00\x00\x08\x9bIDAThC\xed\x9akl\
\x14U\x14\xc7wf\xb7\xdb\x17\x98\x86G\x05!\xa0\xc1\
\x80!\x10\xeb\xb6\xdbR(V\x82<\x83\x8f&\xf6\x83\
\xd14\xba\xa4B\xe2\x07\x1f1\xd1\x0f\xe8\x02\x22&j\
\xf4\x93\xd1,R\x03\x06#l\x0c\x10%(\x06\xb0\xa9\
\x94\xb2[\xb7\x10\x88\x0f\xaa\x80!\x11\xa9 E\xe8\x83\
}\xccx\xfe\xb3g\x96\xddvfgfg\x81\xc6\xf0\
KNf\xce\xd9\xd9;\xf7\xcc\xb9\xe7\xbef\x1c\xb7\x19\
a\x08|\xb4Mx\xc1\x82ir4Z/\xcb\xb2G\
\x14EObp\xb0\xd09j\x94G\x1a\x18P~\x17\
KJ\x1c\xd2\xe5\xcb!:&\xe8\xba\xb0\xa3\xa0\xe0\x98\
\xd3\xed\xde_y\xf0\xe0\x1f\xca\x056\xb1\xe5H\xd8\xe3\
\x99(\x17\x17?\xef\x88\xc5\x1ae\x87c:\x9b-A\
\x158IN\x05\xdd\x93'o\xad\xd8\xbe\xfd$\x9b-\
\x93\x93#?\xd6\xd7WI\xf1\xb8_\x8a\xc5V\xb0\xc9\
>\x82\xe0\x10Dq\xb7\xe0r\xad\xf7\xb6\xb5E\xd8j\
\x1aK\x8e\xfc\xd4\xd00\xb1\xff\xd2\xa5O\xe2}}\xcb\
\x04\x82\xcd\xf9E\x96%\xb1\xb00X:~\xfcK3\
w\xee<\xc7VCLW&\xb4x\xb1O\xbax\xf1\
\x1d\xc1\xe9\x1c\xcb\xa6\x1b\x8a\x9cH\x5ct\x97\x95\xbd\xec\
\xd9\xbf\x7f+\x9b\xb2b\xe8\xc8\x89\xc6F\xf7@OO\
\x0b%\xedSl\xba\xa9\x08\x85\x85[\xbd\x13&\xf8\x84\
`0\xc1&MD>jrf\xc3\x86\x89W\xbb\xbb\
\xbf\xbcUN\x00\xf9\xda\xb5\xa6#\xdd\xdd\xbb~\xf0\xf9\
F\xb3I\x13\xdd\x88\xe0\x8f\xc5\xa7Nu\xc5\xfb\xfb\xa7\
\xb1\xe9\x96\xe2,-=Y4n\xdc\xecY\xc1`\x94\
M\x19hF\x04\xcd\xc9\x15\x89|>R\x9c\x00\x89\xbe\
\xbe\xe9h\x1d\xa8\x1b\x9b2\xd0td\xe0\xfc\xf9\x16\xc1\
\xed\xce_\xd7\x9a'P\xa7\xfe\x9e\x9eM\xacf0\xcc\
\x91\xd0\xc2\x85>ip\xd00'dI\xb2\xdc\xd7\x1b\
A\xe3H'\x9f\xea\x22\x0f\x0c4E\x16/nb5\
E\x86#\x18'\xa4\xde\xdewX\xd5\x85\x06\xc25{\
;;\xbd\x92,\xb7\xb0\xc9>\x05\x05\x01oGG5\
\x0d\x88~\xb6\xe8\x12\xbdp\xe1}\xd4\x95U\x85\x0cG\
0\xd8\x19\x8d\x134O\xf2\xd7vu\xbd\xb5\x8e\xfc\xa9\
\x0d\x87W\x0a\x92\xa4\x19jK\xb8\x5c\x81\x9aC\x87V\
Q\xcf#W\xb7\xb7\xaf'\xa7\xd6\xf3/\x9a\x90\xb3c\
\xfb{{?bU!\xe5\x08\xa6\x1d\x18\xb1Y\xd5\x04\
\x91\x98s\xf4h\xc6M\xf6tv\xae\xa6\xd18\xf7\xc8\
\x90\x13T\xf9\xd5\xac)\x90S~\xa3\xc8P\xf2?\x12\
~\xf0\xc1\xd9\xac^w$\x11\x8b\xf9\xb3M;\x90\x13\
\xdftu\xbd\xcdj\x0aD\xa6&\xd7\xc8 \x12\xed\xed\
J$\xd8\x92\xe2\xcc\xa4Io\xd1L\xfa\x04\xabZ\x88\
\x8eDb#\x9f'\x1dQf\xb1\xf1x\xd6^\x8a\x12\
\xd1\xb3\xd4\xeb\xd5\xad,\x22c)gDqX$\xd2\
\x99\xda\xdd\x1d\xa0\xe7:\x8bUM0iE\xddq\xae\
8\xa2L\xc5M \x0a\x82/TU\x15\xa0\x98g\xe4\
\x16\xb0\x983\x81\x9a\x8e\x0e\xcdH\xec\xa0\xb1\xefHE\
\xc5f\x87\xdb\xedcSV\xd4\xba'+D\xeb\x09\xe5\
h\x02Y\x14\x9b\x97\xd7\xd4d\x8d\x8cA\xce\x04\xaaC\
!\xfdHx<\x01\xb3N\x00\xea|\x94\x96$`e\
'\xf5\xf5\xfd\xa6X-@Mm\xd3\x9e\x8e\x8e\xd5\x88\
\x04\x9b2\x08UW\x07\xe8q7\xb3\xaa\x12\xa8\x09\x85\
V\xf1y\x06;\x1a\x1b\x9dS\x7f\xff=@yc\xda\
\x09\x95\xc2I\x93\xee\x14\xb1<e\xdd\x12\x94\xfc\xcd\xcb\
\xe7\xcc\xd1\x8f\x0c\x9ezzdd9{$rt\x02\
D{zV\x88Xc\xb3n\x1dI\xf2\x85jku\
sF\xed\xcd\xa8\x13\x08\xd0\xb9vNP$\x8ex<\
\x9bsu\x02\xc0\x07!\x5cW\xd7.E\xa3\xb5l\xcb\
\x0d\x97\xab\x85\xba\xd1\x95\xace\x00'\xd7\xd2\xbd\xb4\x9c\
\x00v\x9d\x00\xa2\xdb}X\xc4n\x07\xeb\xb9\x13\x8f\xfb\
B\xf3\xe6\xe9FF7\x12\x95\x95\xb6\x9d\x00\xf0A\xc4\
\x96\x0d\xeb\xb6\x90c\xb1\xe6\xe5uu\xa6\x07\xc5\xa9\xa7\
N\x05\x1cN\xa7m'\x80k\xf4h\x8f\xa8\xee;\xe5\
\x85h\xd4\x17\x9e??\xe0\xf7\xfb\x87EFEV#\
\x91''@\x82|\xd0\xbd\xa1\x0d\xe4\xb5\xeb\xd6i\xe6\
\x03X\x1b\x0c\xca4\xaa\xb3\x96?D\xec\x00\xe6\x0b\xb1\
\xb00\xe0mk\xd3\xec\x9dTl\xcd\xcdtp\x16\x17\
;Dlc\xb2n\x0b8Q\xd5\xd6\xa6;N\x0c\xc5\
\xf6\xac9\x8d\x04\xb6b\xb1\x17\xcbz\xced\x8b\x04r\
\xc2h\x9caS\xce\xc0\x07\x91f\xbda\xd6s\xc3 \
\x12!\xea\x9d\x96VV\xda\x99\x9b\x19\x02\x1fD\x9a\xa0\
\x1dc\xdd2\x88D\x8dN$R\xe3\x04\xf5N\x22I\
G\x96Y\xb3\xed\xc8\x90\x0ft\x0f\xe7~V-a\x94\
\x13C\xc7\x09\x9ad6/7X\xcf\xe4\x1a\x99\x92\xa2\
\xa2]\xf40\x95\x99\xea\xaf\xf4HM\xbf\x16Ps\x82\
\xd5\x0c\x8cf\xb14\xd9\xdc\xb4\x97*\x8dH\xb0)\x03\
\xacw\xb0T`\xd5\x18Y>F\x11\xadH\x86\xba\xa0\
 \xa8\x1cM`\x18\x09\x83Y,\x22\x93\xcf\x9c\x11\x8a\
\x8a\xbe\xc6QqD\x18\x18\xf8\x10\xef'\x8c\xc8\xd6;\
Y\x99\xc5\xe6-g\xf0N\xa5\xaf\xefC\x9c*\x05y\
#\x91s\xf4\xa4v\xe3\x5c\x0f\xfa\xbd\xd3N$\x86b\
*g\x04\xe18\xab\x9a\xa0\xce\xa8;\xceSOD(\
.^O!\xd5l\xb7\x80\xdavUx\xee\xdc\xd7Y\
M\xa1\xac\xb1s\x9d\x8a\x0b\x82nd\x1e]\xb4\xc8O\
\xf5Im\xf7\x0cC\x96\x13\xd4[\xada\xedz\x01\xde\
\x03\x07\x22\xd4t\xb2\xe6\x0a\xf5\xd7\xeb\x8e\xd4\xd6R\xf4\
\xaf3\xb5\xa2\x22\xe7\x95\x1d\xd0\xca\x99\xce%K6\xc4\
/_~\x83UM\x04\xb7\xfb\x8b\xea\xd6\xd6\xd4vQ\
Fb`\x1b\xf2\xdf\xb3g\x8fS\xe1Yw\x1b\xb1y\
\x86}'l\xd9X\xd9(\xc8\x86\xda\x9b!\x12FN\
\xd0\xb5\x17\xef\x981c\xf6\xccm\xdbR\xaf\xe6\x86e\
xd\xe1\xc2\xa6\xd8\x95+[X\xd5\x05\x9bgF\xfb\
N\x96ANdkN\x8c\xbb\xac\xec\xe9\x07\xf6\xed\xdb\
\xc6\xaa\x82fW\x15\xaa\xaf\xdf\x82]oVG\x144\
\xd3m\xa9jm\x1d\xb6\xac\x1e\x96d\xc0[^\xee\x93\
\xa3Q\xa5\x7f\x1eI\xa0N\x95\xe5\xe5\xcf%\xb5Lt\
\x07\x0f\xbcz+:}\xba\x13o\x8a\xd8tK\xa1%\
\xf9\xcfEc\xc7VXz\xf5\x06\xeaZZ\xae\xe0\x9d\
\xddH\x88\x0c\xea\x90\xcd\x09\xa0\x1b\x11\x15\xbc\xb3\xc3\xeb\
\xae[\x953\xc8\x89JjNF\xaf\xa7\x0d\x1dQ\x89\
,[\xd6\x14\xed\xe9y\xff\xa6}0@]\xack\xcc\
\x98\x17\xaa\x86\xf4Nz\xe86\xad\xa1x\xf6\xee\xddz\
\xc7\x94)\xb3\xc9\x11\x14\xac;\x03\xb0\x0d\x8d\xd8BA\
\xc16\x8c\x13f\x9d\x00\xa6#\x92\x8e\xf2\xa6(\x91\xd8\
x#>\xaa\xc1\xb4#}\xc46KN\x8e\xa8(/\
\x88JK\x9f\x97\x07\x07WPE\xeeg\xb35h=\
\x81\xa9\xb8\xfb\xae\xbbn\xfegNZ\x1cmh(\xc7\
\xaex\xfa\x87g\xd8\x01L\xf4\xf7+\xbf;KJ\x92\
\xbb\x1di\x1f\x9e\x95\x94\x96\xee\x9a\xb5o\xdf?\xca\x05\
\xb7\xf9\x9f\xe1\xe4\xe3\x8df\x0eI\x05\xc9\x9f$\xba\x83\
\x9a\x1d\xf4rd\x02\xc9\xa7$e$\xdf\x92\xc0aT\
\xa6\x88d>\x89U\x1e&\xf9\x8e\xe4\x1e\x9230\x18\
p\x90\xe4I\x92\xbf\x14\xcd&kIP\xa0\xca(\x92\
\xacKO\x03\xb0\xce\xbf;yj\x08\xee\x8d\x87h\x1a\
\xd3\x03\x22q\x95dA\xf2\xd4\xf1\x10\x0b*\x86\x1b\xe2\
\x1c\x11S\x81\xd3\xaa\x0dQLG\xbd\xfe>EKF\
\x1f:\x8e\x00M\xf0{\x92A\x12\xfc7\xbdl\x1c\xd5\
\xffe`\xd6\x11T\x0cM\xed\x82\xa2%\x0bG\xb4`\
\xc7\x0d\xb1TU\x17Y/\x92|@\xe2\x22\xf9\x8c$\
\xddA\x80\xeb\xf1n\xfcUEs8\xe2$\xf8\xaed\
\xa9\xa2%\xff\x87\xb2\xe1\x18~\xc3\xbd\xb0\x04\x7f\x8d\xe4\
]\x12\xf5\x7f\xa6AxO\xf3\x11\xed;\xbd\x99\x81\x9d\
$\xf8\xa4\xe3\x09\x12uw\x05O\xebo\x12T\x06\xdc\
K\xa26\x91\xf4\xa6\x852\xf1`Tp\xfeL\xf2T\
!\xfdZ8r\x89d\x1c\x09\xca\xcd)\x22HL\xdc\
\x14\x1f\xdb\xec\x81!\x8dgI\xe0\xc4c$\x1f\xc3@\
T\x91\xe0?x\x92\x00\xef\xef{\x93\xa7\xb6@\x19h\
\x0d(\xf7\x17\x18\x86b\xb6i\xa1\x80\xf7H\xd0~U\
\xd0~\x8f\x92\xa4\xb7o<14\x1d#P\xde\xe4\xe4\
i~\xb0\x92\xec\xa8$\x9a\x13@n\xa0\xbdb\x8fv\
3\x09r\x01\xbf#\x02\x88\x8aZI4\x0f\xd5\xc9t\
p\x9djGY\xc8\xa3\xa1\xd7\xa1)\xd9\x06\x85\x22'\
\xb0\xdd\x82\xf6\x0b9L\x82\x9c\xc1\x8d\xdbH\xbe\x22\x01\
h\xdbh\xd3\xaa\x93p\xf0,\x09t8\x88\xeb\x91C\
\xb8\xe6\x15\x12\x80J\xe2\x1a\xdc\xe3M\x12$3\xf2\x10\
\xf7}\x9c\x04\xd7\xa2\xc3\x00\xb87\xde\xd8b,\xba\xe9\
\xa0\xd9\x99y\xa2jG\x80k-\x8d\x1b\x998\x1c\xff\
\x01\xa3\xe7\x97\x0d\x01\xa1\x9f\x9b\x00\x00\x00\x00IEN\
D\xaeB`\x82\
\x00\x00\x0c\xe6\
\x89\
PNG\x0d\x0a\x1a\x0a\x00\x00\x00\x0dIHDR\x00\
\x00\x00A\x00\x00\x00A\x08\x06\x00\x00\x00\x8e\xf7\xc9E\
\x00\x00\x00\x01sRGB\x00\xae\xce\x1c\xe9\x00\x00\x00\
\x04gAMA\x00\x00\xb1\x8f\x0b\xfca\x05\x00\x00\x00\
\x09pHYs\x00\x00\x0e\xc3\x00\x00\x0e\xc3\x01\xc7o\
\xa8d\x00\x00\x0c{IDATx^\xed[\x0bp\
\x15\xd5\x19\xfe\xf7y\x1f\xb9@\xe2MB\x12\x22\x09\x01\
)(8\xc2\xf0\x10FKe\xb4\xdaT!\xe9\x8c\xa8\
P\x94Z-\xd3\xdaQZ\xad\x88\xd4Z\xb4\x8c\x8a\xad\
\xd4\xd0Va\x14_\xa3(\xad\xa3\xb5U\xda\xdaQ\xab\
\x95\xb1\x8a\x08bE\x91 \x10\x08!O\xc8\xfb\xee\xb3\
\xdf\xbf\xbb\x17/\xd7\xbcn\xf6\x8a\xa1\xe6c\xbe\xec\xd9\
\xb3\xe7\x9c\xdd\xf3\x9d\xff\xfc\xe7?{\x17\x81\xfeO`\
\xdb\xb6\x97J\x1d\xa2w\xfcJcP\x04\xe0\xd8t\xf0\
cN';\x06-\x01\x18\x14\x01\x18\x14\x01\x18\x5c\x22\
\x81AK\x00\x06E\x00\xba\x9d\x0e=\x99\x97 \x0c\xec\
Y\x94\xea\xd4\x18\xb4\x04\xe0\x84[\xc2\xda-k\x95m\
\xaa\x19\x115y\xda\x81\xc6*2b1\x0a\x042(\
?\xa7 \x16\x19:\xec\xbd{F\xcf;\xea\x15\xed7\
R\xb5\x84\x13&\xc2\x8f\xb6\xdd\x7f\xd1\x8e\xd6\x9aK\x02\
\x01\xf5\xb2F\xad5\xaa\xa9\x16\x096\xc8M\xe1V\x82\
$SD\x93\xac\xa0&\xbc\x13Q\xc2\xff\x1c\x9b5\xe2\
\x89{\xc7_\xf3\xb1[;5\x0c8\x11\x16l\xbe\x7f\
\xde\x01\xbb\xf1\x97MJ\xebxS\xb1\x88L\x8bd\xd4\
\xb7!\x00\xcfF\xbe\x0f7gA\x09n\xd7\xb6\x05\x92\
\xf0XAC\xa5l;\xf2\xe2\xc4\xc8\x88\x15wO\xbc\
\xfa\x1d\xb7\xb5\xbea\xc0\x880\xff\xcd{\x8b\x1a\xc4\x8e\
G\xaa\xc5\xb6\xf3L\xc5 \xd9\xd2\xc8B=\xc1\xee\xdd\
\x0d\xb1\x85\xd8\x82\x0dYT\x0a\xe8\xb2=\x5c\xcc\xb8k\
t\xd6\xb0;\xd6\x8c\xbd!\xe6\x15\xe9\x11\x03B\x84\xcb\
\xdf\xb9\xfb\x82J\xb1\xe9\xf9\x0e!\x16\xb6\xd0\x0c\xc6\x97\
D\xb4g\xa2\x9e\x84\x91\xee\x15(\x0b\x1bq\xca;\x8f\
h\xc94\xd2\x0c\xbf9i\xe8\xd8\x05+\xcf\xf8\xee>\
\xb7P\xf7\xf8\xd2E\xb8r\xfb\xea+v\xc5\x0e?\xd5\
.\xb7\x93l\x8ad\xa0(wF6!\x05\x8f.\xd8\
\x1b\x04\x08e\xa3\x8e\x89\xb2*T\x14\x0d\x91:U\x9b\
\xf2\xf5!U\x85E\xf9_\x7f,\xff\x87{\xbd\xa2]\
\xe2K\x15a\xe1\xbb\xabf\xec\x8d5\xbcyD\x8du\
\xafR?\xc1\xf7\xb4,\x8b\xb2\x8c\x8c7f+E\x17\
\xad\x98\xb2\xb8\xdd\xbb\xf49\xa4*B\xda\xe2\x84\xe5;\
\xd6\x9f\xbaG\xab\xdbX\x1f\xeeH\xbb\x00\x0c\xee\x98(\
\x8aT\xabt\x9e\xbb\xddhZ\x87\xf3\xb4\xdd'm\x22\
|\xd0\x5c\xf5\xeb\xa3\x01\xadP\xd1\xbd\x0c\x1f\xe0qt\
\xc6\x12\x7f\xdc\xb4\x9b\xb0 D\x90L\xda#\x1e]\xb0\
x\xfbC\x17s\x91t -\x22\x5c\xf5\xef\xd5g\xed\
\x93\xda/\x151\xef\xfb\xdb\xa4\x00\xe7'\xa0\x93\xb6L\
p\x9e\x12M\x0a\x97\xd0\xac\xd0x\x8a\x98!\xb2D\x1b\
\xab\x0bD@\xf3\x02\xfehr\x8c\xf6j\xfb\xd6yU\
}#-\x22\xd4\xcbm\xabt\xd9\xc0\xac\xb5\x9de\xb0\
_\x10u\xb2E\x8b\x821\x89\x96\x17\x95\xd1\xba\xb1\xd7\
\xd2}\xe3\xbeG\xbf\x19\xf7}\xca13\xa9C\xb6!\
\x0e\x91.\x09\xa4B\xecCBG\xde5oU\x5c\xe9\
\xd5\xf6\x05\xdf\x22,\xab|jx=\xb5\x5c`\x89\x1a\
\x19\x181\xf6\xec\xfd\x01\x1bQ\x00\x01\xd2\xd2\xe22\x9a\
\x9b=\x8d\x14)@\x92\xa4\xd0\xcc!\xc5t\xe3\xa9\xa5\
\x14\xd6\xdce\xd6\xf9\x87{\xe8Pd\x9f|d\xb1W\
\xdd\x17|\x8b\xb0\xb3v\xd7w:%\x0d\x0f\xc8\x9dG\
0\xc4\x937\x01\x22\x82#\x81\x0c\xa4\xf8\xf1\x13o\xc7\
\x81\x93\x84\x03\xf2Q5bEh\xe9\xa89T\x9e;\
\x15\xa5d\xd0D]\xcb\x99\x023\x86\x8e\xa1\xb6\x9d\xb5\
\x8eR2\x17\x86\xc5(\x10\xe4\x88\xd92\xf9\xf6]O\
\x0c\xf5\x1a\xec7|\x8b\xa0\x8b\xc2,<\xaa\xd3Y\x16\
\x221\x0e\xe0T\x0c\x1e\xdd\x10$<?\x87?\x9f\xc1\
\x91\xc46\xf0\xd7\xa4\x80)\xd1\xcfF\x96Ryt*\
\xae\xa8\x08\x9bE\xb4(s\x09\xa7\xdd\xca\xa3\x87\xa9\xa1\
\xae\x89\xea\x0eA\x08\x8e\xb6\xf9\x0fD\xd0l=x\xa8\
\xa5\xe9[\x9c\xe3\x07\xbeEh\xb3\x8ds\xb0\x88{g\
\xc7\x83sU+\x06a\xd8\x1a \x14:\x1c\x87\x88\x8b\
\xbabS\xc8\x0c\xd2\xad\xc5\xe547w\x1a2\x83\xb8\
\xc2\xd6\xc4\xce\x11]5\xe0\x00[\xaa\xe9\xe6?W\x90\
\x1e\xb4(\x84\xe9\xd1\xd9\xd1\xe9\xd4g\xd8\xb2@U\xcd\
\xb5c\xbd\xd3~\xc3\x97\x08\xb7oy!\xdc&Z\x99\
\xee\x98\x7f\x06\x1ee\x86\x82H\xef\xd2SfR\xc5\xc8\
\x05\xb4(g6\x85\xad\x80sE\xc0m\x99!M\xa5\
\x9b\x8b\xe6\xd0\xb7\xb3\xa7c\xc4y\xdb\xc4co\x92&\
\xc0\xb6,\x9d\xf6\xb7W\xd3\x15O\xdfF\xef\xe9\xfb)\
\xa7(\x8f2\x82X)\x0c\x8b:\xdb;\x88\xf7_<\
U\xf4\x80P\xec\xdc\xcc\x07\xfcYB\xb4\x01\xc1\xac\x99\
\xe1\x8e\x9d\x0b\x9e\x0d\xb6``\xda\xdat]\xe1%\xb4\
l\xd4<\x9a\x9d5\x89~:\xe2bx\xfdr\x0aB\
\x08\x03\x96\x11\xd0\x15\xc7\x09\x96\xe7L'\x05\xe7\xf1\xc9\
\xc2\x1b,v\x80{\x9b\x0f\xd1\xc2gV\xd2\x1e\xa3\x86\
F\x94\x8c\xa0`F\x84\x0c\xe4c/F\x22\xb6Qf\
\x07\x12\xf0\x11\x1d2\xe5:\x15}\xc0\x97\x08G\x8e\xe0\
\x0f\x9e\xfd3\x09xt\xb0I\xb2T\x9a\x12*\xa1+\
\x86\xcfp\xb6\xc5\x1c\xe9q\xd8[\x1a\x9dN\xcb\xd0\xf1\
\xa8\x11\xa0\x9bJ\xe6B\x80\xa9\xb8\xaa:\xe3\xef<\x0a\
\x04\xb0-\x93\x0e\xb4\xd6\xd0\x95\xcf\xae\xa4\x8f\x84z\xca\
\x81\x00\xa2\x02\x1b\xb11\x95`!\x02\xc8\x0e\xd3\xd4b\
d\xc2\x22T\xc7G\xf8\x83/\x11\x0a\x0a\xb3\xe0\xefD\
\x9d#\xb98L6eA\xa7!\xc1\x0c\x0a\x88\x88|\
<\x7f\xc1\x22`\xc0iN\xe6dz\xf8\xcc\x1b\xa8,\
k2\xf2\xe0\xfcp\x99\xfd\x85\x05\x13\x12m\x9d\xf6\xb4\
\x1d\xa0\xf9\x1b~A{\x02\x0dT0*\x8f\x04\x08\xc0\
\x85\x9c(\x99\xad\xc4\x12!2\x88\xb4\xa5\x99\xa4\xf2\xc2\
\xe3\x13\xbeDX\x9aS\xd6\x12\x10\xa5\xda\xc4\x15\xc1\x99\
\xd9\x82B[\x9b\xab\xe8\x13\xad\x86\x0c\x8c\xac\x8e\x8d\x0f\
\xc2(8C\x8b$Y\xa5\xd3\x94l'\x06`\xb3\x97\
\x9c\x97+\xb0 \xd3\xa6=\xadu\xb4h\xe3\x1dT=\
\xac\x8d2s\xa3\x8e\xf9;\x01D\x82\xad9Z\x80|\
K^E\xccf\xedC\xefR\xbf\xe1K\x04\x86\x1a\xb3\
_q\x9e\xca\x03?\x9cl\x19T/4\xd3\xb2\x0f\x9f\
\xa4\xfdZ\x03!\x98$\x93M\x9d%\xe2\xa2\x88\xfa\xd8\
\x0b\x10\x9c\xa1\xc5\xe6\x81\xfa\x07\xda\x0eb\x0a\xdcI\xb5\
9\x16\x85\xa3\x19N9n\xcb\x95\x88Ev\x19\xff\xc7\
i\x093$/\x18}\x9bK\xf8\x81o\x11\x221\xf9\
U\xeeR\x22\xf8\xfd\x81bj\xb4_?L?\xf9\xe8\
Q\xfa\xd4\xae#\x09^=q\xda\xf0\xe0\x9a\xa8&\x98\
:U\x1d\xad\xa2\x05\x7f\xbd\x93\xea\x86\xeb\x14\x08\xaa\x98\
\xfa\x08\xa2z\x03\xee\x11\x22\x85\xc2C\x87\xbd\xe0\xe5\xf4\
\x1b\xbeE(\xca.~\x9d\x97>\x06\x0f\xb2\x88\x0e \
\xaeC\x07e'\xb4\xddmW\xd3M\x1f>A\xbb\xad\
Z\x98?\x82#\xcf\xfcY\x0fNW\xb5\xd7\xd0\xa2M\
\xab\xa81\x0a\x0b\x92%\xea\x94$X\x12|\x89\xd3\xda\
\xe7\x89\xc0\xdc!\x0b\x1f\x94\xd4\xcd\xeb\xa6,\xf6\xbdo\
\xf5-\xc2\x9a\x89\x8b*\x87\x1a\xc1\x97\x0c<<\x9b\xa9\
\x85y\xcfF\xec\xbe\x1d\xe2%M\x80\x00\x07\xe8\x96\x0f\
\x1e\xc7rWG:\xbc<\x5c\x04\x97\xa4O\xb1\x0c^\
\xf3\x8f5t8W\xc7\x0a\xc2\xad\xc1\x82\xb0\xb4\x1a\x08\
\x8b\xbb\x05\xb4\x90\x1c_!\xd2h9\xff)/\xd7\x17\
|\x8b\xc0\xc8\xb4\xc3\xcb\xd5\x98l\xf34H~}f\
I\xe8\x10V\x8bJ:L\xb7\xecx\x92\xfe\xdbYE\
\x9a\xd9N\xef\xb7T\xd2\x927\xee\xa7}Y-\xb0\x1e\
/\x92d\x01{!?\xb0\x0c\xdf\x92kG\x0e\xcd\x1c\
3a\x83[\xd1\x1f\xd8\xc6\xbaD\xaa\xaf\xd7.\xfc\xcf\
\x9d\xcf\x1d\x12\x1b\xcbttZ\xe6P\x8e\xc1&\x8fG\
6\xb0\xc1R1rX\xd9\xd8\x87`G\xa8RCG\
\x13\x19\x0aV\x0d\xf4\x9f\xf7\x1cn\x95\xee\xef\x19\x07\x87\
\xdb\x84\xbd\xc8\x04\xb9p\xfe\xd3\xe7\xdd\xda\xa5\x08_\xda\
\xeb\xb5\x92\xf0\x88\xeb\x87\x99CZ\x14\xa49\x98\xe1\x17\
$\x1c\xff\xf3\x0eRF\xef\xe3\xcbZ\x1b\x16\xf6\xc3\xe1\
Vj\x0d\x1ap\x8a\xee(p\x8c\xd0\x93\x00&\xe2\x09\
\xb6\x02v\xa4\x16\xfc\xc5(=\xf7\xf9\xee\x04\xe8\x0f\xd2\
&\xc2\x03\x13\xaf\xae:M\x8a\xce\x95;Cm\x86\x00\
\x0f\x8f\xa6\x9d\xd1\xe5\xce\xbbE\x8eA\x82\xff\x08\x86C\
d\xa0o\x1c\x5c9\x02\xb0\x10\xddR\x83\xa0&\xc4\xb4\
)[\x0fl\x9d<\xf2\xf4\xcb\xdc\x96\xd2\x83\xb4\x89\xc0\
X?\xf5\x86W\xbff\xe5\x5c\x15\xd1C\xa4\xc3d\xd9\
\x22\xba\x82\xf3\xd2TB\xa4\x90\x11B\xa8\xc0\xab\x09d\
bS\xe9\x86\x0a\xd4\x84\x04\x14\xd5\x22\xfb\xc7\xe5\x8f,\
_1a\x9e\xe65\x95\x16\xa4U\x04\xc6\x86sn|\
\xb6X\x18R\x16\xd1\x94\x16ln0\x90\xdc\x117P\
\xe2\xa5-\x11\x92\x22\x92\x92\x81\x0d\x15\xe6\x10\xff\xc6\xc0\
\x88\x97\xe0j\x0cv?\xd8pS\x8e\x99\xb5\xf5\xac\xfc\
\x91\xe7\xae\x9b\xb2d\xbf{%}8\xfe\xa9\x12\x90\xaa\
cL\xc6\x0f\xde\xaf\x18\xb7\xab\xad\xf6\xf1Z\xb5u*\
\x9b1O\x0dn\x917\xd1\xc90M8\x87\x16\x0d>\
\xc2\x8d\x05\xb9\x04\x1fm\xac\x9b\x11K6O\xe9\xcc\x5c\
}\xf6\xe83\x97\xf7\xd5\x02Ru\x8c_\x98\x08\x8c\xb5\
\xf6\x16e\xd3\xdb\x9b\xe6\xb7\xda\xda}\xb5R\xfb)\x98\
\x1fh\xb7\xeb)\x22\xa3{Z[\x07<\x1f\x04\xc3\x14\
\x91,\x85\x8a\xf4\x8cm%\x91\xe8ukf\xdd\xb4\xd9\
+\xd6'\x0c(\x11\xe2\xb8\xbbr\xe3\xb0\x8f\xebjJ\
\xab\xe4\xc6\x85\xadv\xfb4\xc3\xb6\xa2\xd8\x08;\xa6\xce\
\x7f\xf8^\xfcR%\x18C\x04\xd5\xda\xb9;\xaaF^\
\x1f#\xe5\xad\xab\xf8\xc6\x92\x94~\x8d\x8ec@\x8a\x90\
\x88\xdbm[\xd4w\xfd\xf1\xcc\xb7\x0f\xee\x1c\x9e\x97\x19\
)\x0c\x98RA\x9d\xd1\xbc\xbd \x94\x1dS\xaa\xf5\xd7\
\xd6\x94\xf6\xed\x97\xe7\x9e0\xe0E8\x11H\x9b\x08'\
\x1bR\xedx\x22\xd2\xbeD\x9e\x8c8f\x09~\x94<\
\xd9\x81\x10\xff\xab\xdb\xf98\x06\xa7\x030(\x020(\
\x02\xd0'\x9f\x80\xb8 \x1f\x87\x8b\xc0\x12p\x1b\xea<\
\xcb\xf9}\x05\xea?\x8eC#\xea-qs\x06\x16z\
\xb5\x04t`6\x0e\xef\x82,\x02\x7f,\xb5\x10y\x7f\
\xc2\xf1\x84\x00\xf72\xc0r\xef\xf4\x8b\x01[BO\x04\
\xde\x00\xafO\xca\x9b\x95\x90>\x1b\xbc\x00\x8c&\x95)\
\x04\xbf\x09\xb2\xf5\xfc\x1d\xfcm\xc2\xb5\xd3\xc19\xe0\x19\
Iu2\xc1\x0b\xc1\xa9\xde9\xffV\xcf?\xae,\x07\
'yy\xa5 \xbf\xde\x9e\x04^\xeb\xe5\xf1\xbd\xce\x07\
\xa7\xc7\xdb\xf2\xf2gzG\x1e\xc8\x85\x89\xd7\x12\xd9e\
f\x9c\xc0\x04\xb0\xa5\x9bk*\xc8[B~\xe3\xfb\x18\
\xc81\x7f\xfc\xe1\xcf\x01\xf9C\xedg@\xce\xa8\x01\x1d\
\x11\x80\x87\xc1W\xc1\xed\xe0G\xe0*/\x7f\x0a\xc8\xed\
\xfd\x0a\xe4\xe9v.\xd8\x08\xf2\xf6\x99-\xf1e\xaf\xdc\
\xef\xc1M \x9f\xf0\x1b\xdaK\xbd\xf4C`5\xb8\x85\
\xcbye\xdf\x07\x9f\x03\xb9\xfc\x83\xf1\xfcdv\x99\x19\
'P\x06\xee\xe8\xea\x1a\x13(NH?\x02\xde\xe2\xa5\
\xf9\xfd\xdf\xad^\x9a\x7fI\xe1\xadp\x5c\x84\xbc\x84:\
\xdc\xd1J/\xcd\x9f\xde<\x12\xbf\x96P\xa6\x12\x9c\x9b\
p\xce\x22\xbc\x05:\xfe,\x99@\x138\xceK\xb3\x08\
\x7fH.\x93\xcc\xde|\x02\x8fn\x86\x9b\xec\x12\x12\xe6\
\xeb\xcf\xc1G\x91f3\x0d9\xb9D\xe3A\x1e=\xbe\
\x09\x8f\xd6'\x9cf\xe0\xbc\x06\xe5\xd9\xafT\xe0t)\
\x18\xaf\xf37\xf0l\xe4o\x00\x13\xbf>a?\x94\xfc\
\x12\xe2E\xb4\xe3\xf4\x92\x81\xf2\xb3\xc1\xbb\xc0\x8d8\x8d\
\x80\xf16\x19l\x8d=\xa27\x11v\x81\xa3\xd08\xcf\
\xeb\xe3\x80<\xfe8b+\xc8&x\x0f\x98\xb8\xf7w\
\x7f\x92\xea\x02\xde\x83\xce\x00y\xc5\xe0\xa9\xe1\x00}\xda\
\x07\xb2x\xff\x02_B\xb9\xab\x9c\x0b\xae\x08\xc98&\
\x0a\xca\xfd\x18\x87U\xe0A\xf060Y\xb0cbu\
\x87\x1eE\xc0C\xb1)\xb2\x92+q\xb3,\xce\xc3\xf1\
t\x90\xbf\x99aa\xeaQf=\xb8\x13\xe91|\xdd\
\xc3\x16p\x05'P\xf64\x1cfq\xda\x03;\xb4\x97\
P\x87\xcb\xf0\xf79\xceC\xa2\xdcy|D\xfe\x838\
\xdc\x05\xb2\xf3d4\x83=}\x8d\xc2\xedoF\xbd\xdf\
\xe1\xc8?\xc9\xf1tH\x09}\x09\x96\xae\x05yZ\x1c\
\xc4\x83\xb2\xda\xec\xe9\x97\xe3\xa6\xafxy\xbbA6y\
\xb6\x9a8V\x83\xd9\xc8\xdf\x81#\xff\xc7\x8d\x979\xd3\
\x03\x8f\xfe_p\xedu\x1cy\x0a\x15p&P\x8a<\
\x1b|\x0di^!\x1epr\xdd\xba\x15|\xcd=\xfd\
\x1c\x9e\x06/\xf7\xea\xf1\xbd\x86s\xa6\x87\x89\xde\xb1G\
\xa4\xb4\x81\xc2\x8d2Q\x9e\xbfO9\x86\xae\xf2\xe2\xc0\
\xb5\x02\x5c\xe3\xe9r\x1c\x90\xcf+\x0b\xdf\xfb\xb8\xb7H\
\xc8\xe7\xcf\xf1$\xe4\x1f7\x9a\xc8\x8f\xe2\xd0\x81\xfcn\
?\xeaF\x99l\x5c\xaf\xf7NS\xc2\xe0.\x92\x88\xfe\
\x07\xcc\x934)\xd0\xcd\xd5\xe5\x00\x00\x00\x00IEN\
D\xaeB`\x82\
\x00\x00\x0bq\
\x89\
PNG\x0d\x0a\x1a\x0a\x00\x00\x00\x0dIHDR\x00\
\x00\x00:\x00\x00\x00A\x08\x06\x00\x00\x00\x80^\xb7*\
\x00\x00\x00\x01sRGB\x00\xae\xce\x1c\xe9\x00\x00\x00\
\x04gAMA\x00\x00\xb1\x8f\x0b\xfca\x05\x00\x00\x00\
\x09pHYs\x00\x00\x0e\xc3\x00\x00\x0e\xc3\x01\xc7o\
\xa8d\x00\x00\x0b\x06IDAThC\xed[{l\
S\xd7\x19?\xf7\xe1\xd8Nb'\xa6\xc5\x09\xcc\x84\xb2\
\xb2j\x83\xaet[\xb55\x1b-\x8b\x80\xd2\x07h\x0c\
\x0dD_\x1a\x8f@\x03\xa3\x83\xee!M\x02\x96fe\
\xdb\x1f\x13\xa3\xc0\x04\x19IK[\x84\xb6\x85\x89\x16J\
\xbbQR\xb9\x0c&\xe8\xba\x0d\xd0Z4\x01]\x81e\
$qZ\x9b\xd8\x89\x9d\xf8q\xef\xbe\xdf\xf5\xb9\xc81\
\xbe\xf6\xb5\x93@\x89\xf8E?\xf9\xf8\xbc\xbf\xf3\x9d\xc7\
w\xbe\xe3\xb0\x91\x02UU\x7fJ\xbc\x97\xe8 \x0a<\
\xfa\x0aD\xfe9\x12\xf0\x1f\xe2%bD\x10\x04U\x8b\
I\xc1H\x12\xb4\x8d\xd8MLh\xdf\xd20\x92\x04\xed\
 \x863i\x13\x18I\x82^&f\xd4&0\x92\x04\
\x8d\x103j\xf3&\x86\x1b^\xd5+\x83\xfc\xeb5\xc1\
U\xe7\xcdPb\x9aw\x9a|\xea\xec\xa9\xea\x98\x98\x98\
\xa1$\xe2\xf7X$\xcb-\x8a\xa2X\xc2\x89p\x08\xe9\
\xc5r\xb1C\x14\xc4X,\x11\xfbD\x14\xc5\xf7,\xaa\
\xe5\xed)\x9f\x9br\xecp\xcd\xe1\xb8V\xc1\x10bX\
\x04\xad\xd8Q1!\x22F\xd6$\x94\xc4T\x95\x09G\
%A8\xe8*v\x1d\xbb\xf8\xf8\xc5\x00\xcf2\x00U\
\xbb\xab\x5c\x81H\xf0\xeb\xaa\x1a\x9fE\x87\xfd7dQ\
>j\x8b\xd96u\xae\xe8<\xcf\xb3\x0c\x1aC*\xa8\
\xbb\xc9]\x11RC\x1b\x12j\xc2\xe3\x94\x9d[j\x1c\
5o\xedY\xb0'\x01\xcd\x9e8w\xe2\xb6\x22\xa9\xe8\
+\xfe\xa8\xdf]a\xaf\xa8B\xfe\xceH\xe7\xc5QE\
\xa3|\xd1D\xf4\x1f\xcfL|\xe6|CMC|~\
\xcb|\xc9\x1b\xf2>\x10\x8c\x07WKL\xba\xe8\x10\x1d\
\xeb}\xcb|\x9dZ\x03\x83\xc0\x90\x09\xeahr<\x11\
UbO\x97H\xc5\xeb\xfd\xb5\xfe\xb7\x10\xe7~a\xec\
\x0c\x7f\xdc\xb7\x90\xa6\xe7\xbc\x98\x1as\xa9\x06\x9b\xa2@\
\x7f\x16\xc1\x12\xa0i\xbdw\x94\xc5\xfd{\xdf\xd2K\xad\
\x88\x1f\xd5<\xea\x81^\xa5\xf7g2\x93\xb7\xf6.\xef\
\xdd\xade.\x10\x83\x17\xd4\xcbd\xe7Ygs\x9c\xc5\
{\xc3\x9e\xf0\x0f\xd8C,\xea~y\xcc\xdcP\xec\xf2\
\x86>\xa5o\x92\x91pF\x80\xd06\xd1v\xda!;\
\xd6\xfa\x16\xf9\xf6\x8d\x7fi\xbc\xb5\xb3\xbf\xeb\xd7E\x92\
l\x0f\xb6\x05\x97\xb1\x06V\xd0\xfa\x1d\xd49:\xa9e\
R\xa9\xe3\xac\xe3M\x9b\xc5v<\xbc<\xfc\xbd\xd1\x9d\
\xe3]\xd6&\xeb\xeb]\xfd\x1d{#J$o!\x01\
\x94A\xd9\xaeh\xd7\xab\xb6\x1d\xb6\xfd\x14U\xdeW\x17\
^i\x93m\xef:<\x8e7\xeez\xe5\xae\x92d\xce\
\xfcP\xb8FI\x93\x102\xa4\x846\xb3:\xf6\x86\xab\
\xd9U\x1dJ\x04_\x8b\xb3\x84\x9b\xe7\x18\x12\xc8L\xea\
t\x0aes\xfd\xcb\xfd\xc7\xd966\xdbaq<\x1d\
j\x0b=\x92\xaff\x0b\xd6(\xa6\xab\xddb\xdf\x0b!\
\xd9o\xe4\xfb/\xc7/\x1f\x1aj!\x01\xaa\xb3\x22\xa0\
\x04Z\xd1\x06[\xc9\x0e\x94XJ^+\xf5\x946\xf1\
d\xd3(HPl<X\x93\xbe\xc5\xbeFhR\x90\
\x13o\xaa\x82Z\xd0\x942\x03\xd4\x8d6\xd0V\xc7\xa2\
\x8e\xed\x8a\xaa\x84\x1dM%O\xf0dS\xc8{\xea\xe2\
\x08\xe9V\x82\xfb\xc7\x8d\xf3\xdc\xdf\xdd\x19s\x05\xa2m\
\xa7\x86C\x93\x99@\xc7MG\x95\xa3\xean\xa5_\xa1\
\xa6;\xdf)\x97\xca\xe7t,\xed\xe8\xe2\xc9Y\x91\xb7\
FqN\xe2\x089\xf7\xd0\xb9h0\xd6A\xbb\xed\xb5\
\x11\x12H\xb0De{\xa8\xbd\xf9\xc2\xe2\x0b}v\xd9\
^\xdf\x9d\xe8\xfe\x05O\xca\x89\xbc\x04\x85\xc5\x03c\x00\
\xe7$\x8e\x90\xa8\x1a}\x84'\x99\x02\x1d\x1d4\x0b\x85\
\x0fhc}\x1f\xa4\xf0i\x1c'\xf9\xa0\x9f\xf5\xcf\x1e\
\xb3s\xcc\xdc\xc0\x92\xc0\xc1\x84\xa2\x8e\xabl\xae\x1c\xcf\
\x93\xb2\x22/Aa\xd6\xc1\xe2A\x18\xe7d\xde\xc7\x87\
\xc2\xc2j\x9dz'm`_\x04)<\x99\xe2\xf2\xda\
=\xd1&m|\x1b\x10vJ\xa5[\xc2\x8c\xcen\x13\
0-(\xcc8\xd8\xae0\xeb`\xf1\xc0\x18\xe0I\xa6\
\x91i`\xf2?i\x19\xa3\xb6'\xbbw\x8e\x9d\xbe\xad\
v\x1biU\xb9o\xbe:_\xe2I\x860-(n\
!\xd4\xd1\xa3\xb0]a\xd6\xe5\xad\xcd!\x04\xda\xf6G\
}\x8f.\x10\x16$\xa8\x17GZ_l\xad\xe6I\x86\
0-(\xaeZ\x92 \x1d\x84fa\xbb\xf2\xe8\xeb\x06\
\xea\xc3\xb7\xea\xeb\xebE\xdc\x8c\xa2j|&\x8f6\x84\
iAq\x9f\xc4U\xeb\xcc\xf93\x13a\xa0\xf3\xe8\xeb\
\x06\xea\xc3\xad\xbb\xee\xd8u{\x19+;\x8e\xbe\xf1h\
C\x98\x16\x14\x97f\xdc'\xa9\x81)\xb9\xa6\xad\xb6\xbb\
*B/m4\x03H\xe7`\x1f\xb4\xc0\xb3\xb1z\xb5\
^\x14\x99\x10I\xcf\x87\xb2\x14\xcfse\x06\xfa\x10\xec\
\x0f~\xb9\xad\xb6- \x89\xd2-<\xda\x10\xe65\xaa\
*\x16|\xe2>\xa9Ed\x83\xcaN\xab+\xd4R\xb6\
\x82\x0d\xe0\xba\x8eu\xee\x86\x86\x06\x85\xe7b\x0dB\x83\
\xb2\xben}yz>\x94U\xa9\x0e\x9e\xcd\x10Z_\
\x04m\xd4\xaf\xd4i\x04S\x82n>\xb3\xd9\x1a\x8e\x85\
{\x10\xd6/\xcd\xd9@\xa3\x9dQ\xe5\xa9B\xea\x80\xb0\
<8\x00TG\xce\xce\xeb}\xe9W\xfa\xc3^ov\
\x1f\x94i\x8d\xde\xe80%\xe8\xea;V\xf7\x17[\x8a\
K\x11\x86\xfbC\x8b\xcc\x02Z\xa3\x19\xeb\xc5\x9a\xe4\xc1\
+hQ[2\x9e\x81\x22\x13s\x9e\x8dz_\xac\xa2\
\xb5\xb8\xa6\xa6&\xab\xe1aZ\xa3\xf0\xd6\xe1\x13>\x1e\
-\x22\x1b\x046I\xd8.\xc4X\x1a\x9fk\xdcp9\
UX\x08\xb9\xb0qaoz>\x94%[\xf1\x0b<\
\x9b!\xb4\xbe\xa8\xda\xae\x95S\x0e\xd3\x82\xc2%\x09o\
]\x91\xa5\xe8d.\xfb\x14;\xa2*\xaa2K\xa3\xc2\
\x12b\xea\x9a\xc4\x81\xaf0UJ\xcf\x87\xb2\xa8#\x1b\
\xd0\x07\xa7\xd5\xf9OO\xb3\xc7E\x16\xdb'<\xda\x10\
\xe65*\x8a\xef\xc1%\xb9\xcc\xb3\xecC8\xb2x\xf4\
u\x03\xf5\xe1\xe3'\x1f{\xf2\xc3n\xa1\xbb\x1a}\xe3\
\xd1\x860-(\x9c\xcb\xf0\xbb\xc2%\x09o\x1d\x8f\xbe\
n\xa0>\xec\xc3\xecPUuV\x91X\xa4y\x0d\xb3\
\xc1\xb4\xa0\xf0\xa0\xc3\xb9\x0c\xbf+\x5c\x92\xf9^\xaf\x86\
\x12h\xdbmu\xff\x0e\xc6<\x1ddSg,\x99q\
\x8c'\x19\xc2\xb4\xa0x&\x90D\xf9(\x9c\xcb\xf0\xbb\
\xc2%\xc9\x93L#\xd3\xe0\x142\x5c\xd4\xf6\x07\x97\x16\
_z\xdb\xdb\xec\x9dEV\xd1\x91=\xc2\x1e\xc3\xe7B\
\x1d\xa6\x05\x05\xec1\xdb&x\xd0\x11\x86\xdf5o\xad\
\x8a\xacDh\xa4\x8bw#\xfb\x17(6\x8a\xa7).\
\xaf\xc7&\xb4\xe9\x90\x1ck\x11\x0e*=\xdf/\xb1\x14\
o\xd4\x12r \xef\x01\xb5\xff\xd6\xbe\xc3.\xd9\xff\xe8\
_\xea?d\xdda\xdb\xdf\xcf\xfaf\xf3\xa4k\x00\x81\
\xd9\x98\xf5@\xdfS}s\x5cM\xae\x07\xe9^:/\
\xf2Td9O\xcc\x8a\xbc\x05\xd5\x9ccj\xf7\xbeJ\
K\xe57\xe9k\xf9\xff\xa2m'\xe1\x92L\xa6\x0e/\
$Uj\xafrV})&\xc5\x82]\x81\x8f\xbd.\
\xcb0:\xc7\xf0\xe0c\x15\xe5\xadx&\xb8\xb0\xf8B\
\x07\x9c\xcbtW\xe9\xe5\xc9\xc3\x06\x9a\xb2=eb\xd9\
\xbc\x8f\x1e\xfb\xa8\xd3\xdf\xed\xdfh\x15\xa5\xadf\x85\x04\
\xf2\x16\x14\x08\xd6\xf6\xee\xc6[\x88{\xa7\xbb\x0e\x1et\
5.=<\x9c\xc2BH5!=\x8c\xb6*_\xaa\
\x5cAV\x9a=\x98\xe7\xa3SA\x82\x02x\xf0\x89\xc4\
#\xdf\xc63\x01[\x15\xffK\xb9\x5c>\x13~W\x9e\
<d\xc0tu\x09\xae\x99le\xfc\x88\xd4\xc8\xe6\xf4\
\xc4z\xe7\xf6\x94\xf5\xd4\xf2d\xd3(XP\xbc}L\
\xb0N\x98\x87\xb7\x10\x8cr\xa06p\x0c\xcee\x1b\xb3\
\x1d\xc8{7\xce\x00\xd4\x81\xba\xb0&uM\x16\x8b\x8e\
U\x9f\xa56\xd9\x02\xe3_\x9f\x18a\xf0=\xaag2\
\xdeB\xf0L0\xda2\xfa\x87p.\xc3\xef\x0a\x97$\
\xbcu\xb9l\xd6th\x02\xd29\x89#\xc4\xb7\xc4\xb7\
\xcf\xf3\x07\x8f\x1dk\x12\xd3U\xd3d\x01B\x02\x83\x17\
\x94\x03\xef115\xb6\xca.;\xea\x03K\xba\x0e\x22\
n\xec\xce\xb1\xd3}Q\xdf\xa3pd\xc1\xc7c$4\
\x84\x83\xed\x0a\xb3\x0e\x16\x0f\x8c\x01\xc4\xe3\x08\x09\xab\x91\
g\xadL\xda\x9a\xef\x9aL\xc7\x90\x09\x0aT\xbeP9\
\x1a\xcf\x04t\x9b\x18\xe7\x94\x9c[\xe0w\xc5\x0d\x05~\
\xa2\xe7?\xf3\xfcx\x8bl\xf9j\xa6\xa7\xfdX<\xf6\
\xb75\xcb\xd6\x5c\x80\xed\x0a\xb3\xae\x95,\x9e^2\x06\
$&\x5c,\x93\xcb\xd6\xe6\xb3\xbb\x1aaH\x05\xd5\x81\
g\x02x\xd0IC\xf7)L9\x027i\x99\xb3\xec\
x\xdb\x82\xb6\x00\xb58P\xadt\x9f\xf4\xb4x\x5c\xdd\
\xa1\x9ej\x5c\x1a\xe8\xfbT\x98ut\xd1\xdf\xd8\xfe\xdd\
\xf6\x9c\x97|\xb3\x18\x16Auh\xday\xb1\xb5:\xaa\
Fg*\x09\xe5\x1e\xee\xadS\xfa\xe2}\xdaQd\x93\
mxj\x14q\x9f\xc4U\x0b\xb7\x10\x18\xe8fl\xd7\
\x1b\x02---\x12\xc8\xbf\xdeD>\xa0+d%\xd1\
p\xf0\x0a?G?}\xd0\xdc\xb1#\x1e\xa4M\x918\
\xac{\xceM|\x9aP\xe8\xce\xf7y\xe2\x9dDx\x07\
\xfc\x88\xb8\x111\x95\x88C}\xa2\xf6-3n#\xfe\
\x97\xb8H\xfbF6\x02\xd1\xcb?\xb3\x01\xf9\x7f\x92\x0c\
^[d\xdau\x1f'\xfe\x9b\x98\xcdE\x82\x9f\x97\x9e\
K\x065\xf4\x11\x0f\xf3\xcfl@9\xd4}\xcd\x91.\
\xa8\x8d\xe8!\xbeL\xcc\xf4\x8b\x13\xa4\xdf\xcb\x99\xea\xd4\
\xc2T~\x87\x88\x1f\xf0\xa7\xe2n\x22\x5c.\x98\x01\xe5\
\x88 \xa4\x0b\x8ax\xe4A\x1d:\x90\x1fq\x98!z\
\xba^^\x07\xde\x820\xfbR\xfb\x92Z\x0e\xccTN\
\xc3B\x22.\xb5h\x14o-\xda\xc3\x12\x07\xe2\xe0\x11\
G\xfa*\x22\xd2\xf5\xa9\xfb\x1db\xaa\x0d\xabOe\xc4\
\xff\x92\x871H{\x88;\x89:P\x17\xd2\xe6\xf2O\
}Z\xa3\xfcY\x22\xf2n\x22\xa2\x1c\x96\x0a\xea\x00\x9e\
#\x1e\x22\xa2}\xf4\x09m\x00z9\xfc\x84\x0e\xc4\x8b\
\x02\x84\xbd\x0a\xaf\x12oM\x06\xb5\x02\x10\x5c\xc7\x11\x22\
\x04\xd4\x81\x06tA1\x92\xa9\x82\xa2ck\x92Am\
\xb4\xa1Y\xe0Y\xa2.(F\x1a\x83\x85\x19\x04 O\
\xea-\x05\x82oO\x06\xb5:\x90\x17\x1a\x04\x1e$B\
(\x00?\x95C^\x1d\xa9\xe5\xb0\xcfh\x1aM\x9d\xba\
h\x10\x8dA\x18t\x08\xeb-u\xfa\x22\xedh2\xa8\
!\x9b%\x82\x0e\xe9k\x18\xcfy'\x93\xc1\x01\xc0\xef\
\x0e\xe0z\xc1\x7f \x01\xc8\x83AN\xfd=\xc2\xbb\xfc\
\x13u \x9f>E\xffLD\x1cf\xc2\xd7\x10\x91\x06\
\xbd\x1c\xfa\xa0-\xa7TA12?'BH\xb0\x81\
\x88\x91\xd3+\xc74\xd6\xb5\x9d\x0b(\x93kcB}\
\x99\xd6O\xaer\x00\xa6\xea.\x22\x84\xff+\x22rA\
\x17\x14\x1d[JL\xd5\x18\x1en \x18\x16;\x80\xd1\
\x99\x9e\x0cj\x1d\xc49\x9a\x0e} \xa0\x9di\xc9\xa0\
\x06\xbd\x0e 5\x0f\xd6\x9c>\xad\xb1\x07`\xf4\xdf\xd7\
\xbe%a4\xb0?\x22\xfe\x98\xf8w\xe2d\xa2\xbev\
u\xe8\xca\xb9\x0aX7Xc\xeb\xb4oI`\xa3@\
\x1c\xd6&F\x1f\xc7\x0d\xd6\x096\x01\x8c(\xe2_'\
\x22\xad\x8e\x88\xbc\xfa\xba\xc4 `\x8d#\xfdODl\
J\xc8\x872\xedD}\x87\xc52\xc1&\x83M\x08\x1a\
\xd2\xd7 \xd6\x16\xe2\xf5\xb61\xb3P\xff\xaf\x88\x00\xf2\
\x9e b-bc\xc2\x7f1a\xca\x83\xa8\x1fm\xa2\
\x5c\xc1\xc0\xc8\xe9\xd3\x0d\x9bA\xae\xca\x90\xc7ptS\
`vI\xa4\x22\xd3\xb47\x00c\xff\x07|1\x94\xe6\
\xb5p5\xd2\x00\x00\x00\x00IEND\xaeB`\x82\
\
\x00\x00\x06\xd3\
\x89\
PNG\x0d\x0a\x1a\x0a\x00\x00\x00\x0dIHDR\x00\
\x00\x00A\x00\x00\x00A\x08\x06\x00\x00\x00\x8e\xf7\xc9E\
\x00\x00\x00\x01sRGB\x00\xae\xce\x1c\xe9\x00\x00\x00\
\x04gAMA\x00\x00\xb1\x8f\x0b\xfca\x05\x00\x00\x00\
\x09pHYs\x00\x00\x0e\xc3\x00\x00\x0e\xc3\x01\xc7o\
\xa8d\x00\x00\x06hIDATx^\xed\x9akl\
\x14U\x18\x86\xbf\x15A*D\x8bT\xd4x\x09^b\
l1$\x8a\x08(R\x10\x8bZ1^\xe25Q\x13\
5&&F\xe3/\xa3Q$\x9aH\xd0_H\xd4_\
x\xfb\xe3\xa5(*\xc6\x0bDT*b\x83`\x0c\x82\
\x17\xd4D\xa3h\xa2\xc5\x94\x88\x17\xb4\xb4>\xef\xec\x99\
u\xba\x9d\xdd\x9d\xdd\x99\xd9\xee\xd2>\xc9\x9bs\xe6\x9b\
\xd99\xe7\xbcs\xce\x9993\x9b\xe9\xef\xef\xb7\xe1\xce\
\x01.\x1d\xd6\x8c\x98\x00E\x87C&\x93q\xb9\xfa\xa6\
\xd4\x90\x1f\xe9\x090b\x02\x8c\x98\x00U1a\x8d\xd9\
$\xb4\xc0m\xd6\x1c\xa9\x9b \x03\x98^\xdfE\xcd.\
Ts\xa4j\x82o\x00\xd9)\xd9Hm\x92\x9a\x09\xf5\
b\x80H\xc5\x84z2@$nB\xbd\x19 \x125\
\xa1\x1e\x0d\x10\x89\x99P\xaf\x06\x88DL\xa8g\x03D\
l\x13\xea\xdd\x00\x11\xcb\x84\xfd\xc1\x00Q\xf1R\xba\x02\
\x03\xb6\xa2w\xd06\xd4\xd5c\xb6\xe3*\xb3}\xda\x91\
6\xa5\x96\xd2\x15\x99\x90P\x0f\xe8\xa1\xe4N\xce\xf3:\
\xe9\xea\xf3\xcd~q\xf1\xc4I\xdc\x84\x94\x86\x80z\xc4\
z\xb4b\xb4\xd9+\xf3\xcc\xfe\xf6\xa2\x09\x91\xa8\x09\xd5\
\x98\x03\xa8\xcd.&\xaae\x0df\x8f\xce6\xfb\xdd\x85\
c\x91\x98\x09C0\x09\xfeF\xcd\x962w<v\xb5\
\xd9_.V\x11\x89\x980\x04\x06\x04\xf9\x8a\xb2om\
3{\xdfm\x97Ml\x13\x86\xd8\x00\x0fj\xa8J.\
\xdfmv\x17w\x94\x7f\xb2\xd1\xe8\xc42am&3\
\xe4\x06\x04\xa1\xa6[\xd0e\x17\x98\xfd\xe0B\x91(e\
B\xd1\x87%\x0cx\x81\xa4&\x0c\x10\xd4g\x1a\x15\xde\
\xf4\xa6\xd9T\x17J\x84\xa2&p\xdf\xba\x9d$\xb5\xfb\
w\x85\x1cy\xa0\xd9\x87<u\x9d\xe3\xb6cSrN\
XGO\xc0\x0c\x0d\x89I\xd9hm@\xad\xf7\xa0\xf9\
\x0c\x8dM.T\x90Xs\x82\x7fw\xa8a#\xba\xa9\
\xd7\xccv\xb3o](\x94Xs\x82\xcf|\xb3\xed\x14\
v.\xd9\x9a\x1a\x1a\x5c\xa2\xa6Q<v3G\x1c\xe2\
B\x15\x11\xc9\x04qa\xed\x1a\xd1\xcc\x1c\xb1\xc2mV\
Dd\x13\x84\x8c\xc0\xf9\x9a3\x02\xae|\xdb\xec&\x97\
/\x9bHsB>\xb58G\xd0\x8a\xddc\xe9\x15\xad\
f?\xbbP\x8eD&\xc60\xde\xc2\x08zEd#\
(e3\xc9N4\xde\x0b\x98\x1d\x85\xc6S\xc2\x11\xa4\
\x07y\x91\x98PF\x07Kr\x96\x1a\x03I\xcd\x04Q\
\xa6\x11w.`e\xe8\xf29\x163$gb\x04\xe3\
R\x9f\xe9\x9a)q*5\x22dS\xc8s\xfa\xf2\xe0\
<s\xce3\xfb\xc0mz\xa4j\x82(ch\x84\x9a\
P\x88\xf7\xcc\x1a\xff5k\xa3v\x17S\x8bK\x08E\
\xba\x03p\xfczz\xc3\x5c\xb7\xe9Q\xca\x84\xb2&\xc6\
0t\xfbLc\xb2\x9cg\xd6\x83i+i\xd0\x0d\xbd\
Y\x83\xd5\xcd;iN\xd1\x16aX+\x93$?\x8f\
Nl\x13D\xda\xcf\x11<\x0c\xed\xc5\x90\x0e\xd4J#\
\xcf\xc4\x857\x08\x174\x83F-r\xd9H$b\x82\
\xa8\xd6s\x04Fl\xa6w,\xa4\xf7\xcdf\xf3\xd3l\
t \xb83\x97\xdep\x8a\xdb,Ib&\x88j>\
G\xd0\xfb6\xb6\xb1\xaa\xec3\xbb\x87F\x0fx'I\
o\xd1lv\x9b\xdb,I\xa2&\x88\xb4\xe6\x880h\
h\x1f\x0b\xa8\xa5\x947\x03#\xbeva\x9fk:\x22\
\xde]\x127AT{\xad\xc1-q\xeb\x98\xec\x5c\xa1\
\xef\x1a\x1e\x18\xd4\xd4hv\x91\xdb,J*&\x88j\
\xaf5t7\xc1\x08\x8a\xf5^\x04y`\xca\x15.[\
\x94\xd4L\x10\xd5^k`Do\x8f\xd9ud=#\
\xe8\x0d\x8c\x16%\xc5I\xd5\x04Q\xcd9B\xe8\xd3\x9e\
3\xe2et8\xe3c\xba\xb7\xa3\x08\xb1\x9f\x18k\x95\
\x17\xcd\x1a&x\x0f\x9e\xb6\xba\xad\xbf\x7fI6\x1aN\
\xea=a\xa8p\x1fl.G'x\x81\xe1\xcck\xac\
m\xd4\xdb\x8b\xa9~\xfb{\x19\xa8\xa1\xc5\xd8o\xe7\x84\
 umB~\xdd\xe2\xd6\xa7P[CM\xa8\xa5\x1e\
\xa0\xfa%]\x9fAmV\xc0W\x9dp\x98Kc\xe3\
\xb7;\xd7\x13\x22\xb8},\xda\x8bT\x89Vt\x0c\xd2\
RV\x0f%\x83\x88jj\x99W\xf9l\xb4\x01%\xd6\
5TO\xef9!bE\xba\x91>\x84\xeaU\x1a\x0f\
\x82\xde}\xf8z\xf4\x12\xca\xe1\xbb\x1b\x95r\x8f\x87\xcf\
]\x9a\x08\x95\x0c5\xbd\xc0\xbc#\x9b\xcd\xa1^\xe1\xa3\
\x17\xa4,\xf3mb\xa0q\xda?\x0d5!\xbd+<\
\xce\xdf\xe7\xf6\x1f\x8c\xf4:L\xc7\xf8\x8cCz\x1b}\
-Z\x88F\xa3C\x91>\xc2nG\xfeou\x8c\x1e\
\xc9g\xe5\x9d\xf3,\x97\xea]\xe3\x19\xcaTL\xde\x89\
OE\x85\xfeC\xc4\x02\xce\xfa\xd0s\xe8Y\xa4a3\
\xdd\xfd\xee\x01\xa4\xde\xf3=Z\x89\xfeD\xa7\xb9}\xea\
Y\xfa\x8e\xa8\xf8\x8f\xc8\x7f'\xa0\x17\x22:@]_\
\xe9\x13Hex&\xb8\xdfj\x99\xac\xcc\x93H\xbf\xdd\
\x16\xa8k\x17z\x15\xadE=.V>\xfe\x09\x03'\
\xb8\x14}\x96\xcd\xfeO\xe0\x98\xc9\x81\xfc\xd3\xe8n\x97\
\x97\x09\xeb\xd08\xb7\xfd<Z\xec\xf2k\xd0\x22\x97\x17\
\xbar\x13\x91\x86\xda\xd1H=@CO\x07(\xaf9\
\xc13!_\xa0o\x1a\xa7\xbb\xbcLx*\xe4\x98P\
B\xd7\x0e\x05~\xa0\xab\xabnZ\x88Q\x8c\xaf\xfb\xd0\
3\xe4\xdbQ\x83\x17\xcd\xa2\x8a\xff\xe1\xf2;Pc6\
k'\xa2\xe0\xa7u\xfd/i2\x1a\x8bV\xa1\x8d\xe8\
\x11$Nvi\x0e\xca\x9a\x83\x96 \xd6K^\xdd\x82\
e\xaaw\x0d\xa0\x90\x19\x83L\xc8?\x88\x02\x5c\xce\xab\
\xfc\xf1(\xb7 \xf1\x8f\xe5\x18U\xfc\x13\xf4\x13z\x18\
}\x8c\x82h\xa8\x04\xf1_{\xf5\xa21\x812\xc4>\
\x97\xde\x82nF7\xa2\x16\xca\xf2\xe6\x02\x1f~\xa3}\
\x8f#-\xd1\xefG\xf9e\x14\xbc\xf4\xf9m\x1c`B\
\x98K\x014v\xe5\xf8Ch\x82\x8e\xa5\x22-H/\
9eL71u\xc1/\xc8\x9f\x84\x82\xe4W\xd0/\
\xf7#\x14\xfcP\xd2\x89\xbeD\xbb\xd0\x0c\xb4\x95\xf3\xe9\
\xef\xc0a\xa8\x8c.\xf6/#\xdd\x83z\x14\xac\x84\x9c\
\x09jT>yWH\xe8\xeahX\xecd\x9f\xc6\xa0\
\xc6\xf4\xbd\xfcV\x13\x9fb\xdf ]I\xf5\x9a(<\
\x88f\xa1\xef\x90*\xa0\xf5\xbfL\xd5\xdf\x84tu7\
p\xbe-\xa4\xcb\x91O\x8bK;P;\xfbu\xc7\xd2\
\xef\x83\x93\xb6\x0c,J\xb0\xbd\xb9VF4\xc1C\xc7\
\xb2\xaf\x91t\x80\xfba\xb1R\xb82\xf4\x00\xa6\xbf\xe6\
\xe9\x8az\xf8e\x90\x1dM\xfe\xd7lt0\x1c\xd3\xc4\
~=\xc3T\x84\xca\xf7j\xa0\x02\xc3p\x15\x1cD\xa1\
\xe3\xcb\xa5\xd0\xf9ERe\x94\x22\x93\xc9\xd8\x7f\xb9\xe7\
\xc8\xa6\xe3\xc1\xa5\x96\x00\x00\x00\x00IEND\xaeB\
`\x82\
\x00\x00\x09v\
\x89\
PNG\x0d\x0a\x1a\x0a\x00\x00\x00\x0dIHDR\x00\
\x00\x002\x00\x00\x00A\x08\x06\x00\x00\x00\x93\x89\xf7\xde\
\x00\x00\x00\x01sRGB\x00\xae\xce\x1c\xe9\x00\x00\x00\
\x04gAMA\x00\x00\xb1\x8f\x0b\xfca\x05\x00\x00\x00\
\x09pHYs\x00\x00\x0e\xc3\x00\x00\x0e\xc3\x01\xc7o\
\xa8d\x00\x00\x09\x0bIDAThC\xed\x9a\x7fP\
\x14\xe7\x19\xc7\xf7\x8e\x83;\xb8\x83\xbb\x03\x09 \xbf4\
\x1a\xa3\x88F\x84\xb4:\x81\xa8h\x91\xb4\x19\xe3hi\
\xe2@\xffHMURdjhC'\xfdAk\xed\
\x8c\x9dL\x87\x9a\xd1\xa6#3\xa5\x9dT\x13'\x99\xc4\
\x08\x8e\xf9\xa1\xc1\x8c!f\xa4\xd6\x98\x82Q \xed\x80\
\xa9\xa0\x80\x07\xdc\x1d\xdcq\xdc]\x9f\xef\xee\xbb\x97\xf5\
\x8e\xbb=8\x0ec\x87\xcf\xcc\xc3\xbe\xef\xf3\xee\xed\xbe\
\xdf\xf7y\xdfw\xdf\x97]n\x96Yf\x09\x88\x82\x1d\
\xc3Bvv\xf6\xf2\xf8\xf8\xf8\xc7\xdcn\xf7\xa7\xe7\xce\
\x9d{\x97\xb9\xef-\xf2\xf2\xf2\xea\x94J\xa5[\xb49\
s\xe6\xbc\xc1\x8a\xee\x1d\xb6n\xdd\xbaT\xa5R\xb9\xa4\
B`\xabW\xaf.a\xa7L;Au\xad\xed\xdb\xb7\
/inn~\xda`0d0\x97\x87\x88\x88\x88\xf7\
zzz\xda\x07\x06\x06*\x5c.\x17\xef\xa3J\xa7\x99\
\xcd\xe6G\xf8\x8c\x04\xeaf\xd7\xecv\xfb\xa7,\xcb\xa5\
\xa4\xa4\xbc\x9f\x94\x94\xf4\xb9\xc3\xe1\xa8d.\x0f\xe4\x1b\
\x1e\x1a\x1az\xb9\xb3\xb3\xf3\x12s\x85\xc6\x81\x03\x07\xd4\
s\xe7\xce\xedQ\xab\xd5n\xaa\x88\xc7\xe2\xe2\xe2\xf8V\
\xce\xc8\xc8\xf8Qbb\xe2\xab\xd2\x96\x0f\xd6HHw\
ee\xe5SH\xebt\xba;\xae\x1f\x13\x13\xe3\xa6\xa8\
\xf6WUUiYU\x02\xa2dG\xbf\x9c<yR\
;88\x98L\x03\xb6f\xf7\xee\xddF\xd1\xa8\x12\x85\
(\xef\xee\xee\xeeu:\x9d\xfc\xb9\x93\x05\x11\xa4\xb1\xc3\
\xa7srr^\x90^\x7f\xf1\xe2\xc5eT\x9e\xd0\xd7\
\xd7\xb7\x9e?!TV\xadZ\x15\x1f\x1d\x1d\xed\xa6\xe4\
O\x05\x8f\x00E$\x0f-I\xc9\xad\xd4\x82S\x8a\x08\
u\xab\xee\xbd{\xf7\xf2\x11\xa1\xfb\xfcX\xb8\xb2\x87\xd5\
\xf0\x97\x96\x96nb\xf9\x80\xc8F$\x9c(\x14\xd37\
\xfbOY\x08\xf5a\xfe\x18\x19\x19\x19A\xe3\xe4Lf\
f\xe6\xf0\xfc\xf9\xf3\xad\x931\x1a[\xc7\xa7\xda-\xbd\
Q\xb1\xe3\xa4\xd9\xb2e\xcb\x97\x87\x0f\x1f\xc6\xa0\xaf(\
,,\xfc\x1du\xaf\xef\xb1\xa2\xa0\xa1\x19\x8c;t\xe8\
\xd0f\xa4SSS\xaf\xf0\xcep\xe1o\x8c\x80\xac\xac\
\xacZi\x9f\x9f\xaaQ4\xdfg\x97\x942\xa91\x22\
\xdbI!\xe4\xf2\xe5\xcb\x03\xa3\xa3\xa3\xcfS\xf6E\xc1\
\xfb\x15\xb9\xb9\xb9\xdf\x88\x8d\x8d}|||\x9cy\x82\
\x87*\xcauuu}@v\x96\xb9\xa4@\xc8\xc7\xdb\
\xb6m{\xe2\xc8\x91#'\x98o\xea\x04\x8aH\x98\xb9\
wf\xad\xe9dV\xc8\xd7\x8d\xbb&$???\x91\
\x9e\xec\x97KJJv1W`\x0e\xba\xe7\x92=\xc9\
\x1f'\xe0\xae\x08\x81\x88\xd6\xd6\xd6\xb3\xb4\x8eZ\xde\xd8\
\xd8\xf8\xa7M\x9b6\xfd\x80\x15\xdd\x01\xad\xef\xc6\xe8\xa1\
iC\xe5#L\xdd\xa7\xc8\xf5Z\xa4\xf5\xd6\x15\xcdK\
#\xe9\xc2\x19_1\xe3BD\x11\xc3\xc3\xc3Y\xc8\x8f\
\x8d\x8d\x99O\x9c8\xe1\xf30LKK\x8b\xa2\x19\xf3\
W\x7f\x5cX\xdb\xaa\x18\xbc\xfe\xa1\xd3\x98\xb1\x1c~\x87\
\xf6>\xbd\xc36rE\xf3\x87\xdbwl)fT\xc8\
\x9a5k\xe6\x90\x88&Q\x04\xad\xb5\xcc\xb4D\xd9H\
\xc9O\x90\x97B\xab\x86K\xe7\xcf\x9f\xff\xbd\xee\xd6g\
/\xba\x0d\xe9\x0b\x99\x9b\xc7\x19\x93\xa0s8]\xad\xd2\
\xc8\x84,\xa4\xba\xbaZO-w\xa8\xb8\xb8X\xcd\x5c\
\x13\xb2~\xfd\xfa\x04z\xb0\x22\x12K\x91g\x22\x8a(\
\xe9#\x02|\xfb\xdf\x8f\xe9\xf4\xbf\xf9\xd7+1I\xf3\
\xea\x14\xd6\xfe!\xe6\xf6@bb)2m\xa2\x98\x90\
\x84\xd4\xd4\xd4\xc4\x1d;v\xec\xf4\x85\x0b\x17\x9e\xa5\x96\
>\xe5OLQQQ\xfc\xc5\x8b\x17\x11\x09^\x04a\
\xa1\xc5\xe6\x84\x91\xe0\xa11\xa10u\x9d\x19J\xc8.\
\x1b\xb0\xb9\xdfI\x8c\x8by\xc2\x9f\x18U\xdf\xb5\x03H\
\x87$\xa4\xae\xae\xeeaZ^\xe4\x22}\xe3\xc6\x8du\
\x10C\xb3P\x14_\xc8\xa01alii\x81\x88e\
\xcce\x8d\x8a\x8a\xdah\xb3\xd9\xce\xb3\xbc\x0f\x11\xd7\xff\
q\xc4m\xcc\x5c\x8c\xb4S\xadW\x0fX\xc7\xdeQ\xc6\
\xe8\x8b\x15\xd6\x01\x1f1\xd1\xeaH;\x8e!\x09\xa1\xca\
\x9f\xa1\x99\xe5\xbb\x94\xe47\xeb\x10C\xfd\xda\x13\x19,\
o\xda\xda\xda\xce\xd2\xde\x9b\x1f\xa8\x84\x85\x89\xf8\x98\xe5\
}\xd0\xeb\xf5\xcf(\xdb\x1a\x17\xa9\xed\xa6\x97\x99\x8bs\
j\x0c\x1a\xcenm\x8a\xd2\xc6\x15+GM#\xcc\xcd\
EZn\xf6\xf7\x19\x96V!=\x1d\x83\xfdM\xda\x92\
B\x0c\xbf\xb1 1\x85\x88\x0c-\xedS\xaf^\xbd\xea\
\x11A\x82-\xb4\x87)&\x11\xcd\xc8O\x04\x89\xf8\xa1\
}~Au\xc4\xba\xcacv\xb5\xb1\x9c\xb9y f\
\xdcfm\x8aTk6\xa8{?\xbb\xae\xed\xbd\xd4\xee\
\xd0%=\xc4U(n\xa0|:\x84\x80\xb7H\x0c\xfe\
\xd5#\x8aYGc\xe2\xba\xd8\x9dH\x84U\xab\xd5\x16\
[,\x16\xbf\x22h_\xb3\xd3q\xff\xa3\xcfse\x7f\
m\xb0\xa9\xe3\xf70\xf7\x1d@\x8c\xaa\xbf\xf3\xf8K\xe9\
\x9f,\xb0\xee[\xf9\xa0(\x02L\x97\x10 \x8a\xe1\xd7\
\xf3f\xb3Y\xdc\x22X\xd5j\xf5F\x19\x11\xbb\xc6\x17\
\xac\xadr\x95\xd67\xd84\x09\x13\x8a\x10q\xbb\xc6M\
;w\xeet\xb0\xac\x87\xe9\x14\x02 \x06;Eqs\
\x821Q\x14\xa8;\xe9t:\x88\xd8\xe3*\xfdK\xa3\
\x9c\x88HK\xef\xad\x91\xe4\x1c\xfe\xbf7\xdeL\xb7\x10\
 \x8a1\xc9\x0dl\xa3\xd1\xb8\xcb\xf5@\xe1\x1eWY\
}\x10\x22z\xfa\x1cQq\xb9\xd2\xee$%\x1cB\x00\
\xc4\xa4\xca\x89\xb0\xcd\xcb\xdf\xe3D$\xd4\xf1\xcf1\xf7\
\x84\x08\x22\xf4+\xb9\xe7\xb4_2\x97\x0f\xe1\x12\x02F\
\xd9\xd1\x07\x0cl\xfb\xbc\x02\xeaN\xf5\x8dvM\x82\x8c\
\x88\xde~\x87.eE \x11 \x9cB|\xc1*\xb6\
\xba\xe5C\xfb\xda\x9f\xfc\x92\xc6\xc4Iy\x117ID\
\xb2g\x8a\x0d\xc4\xcc\x09!\x11JS\xd7igz\xde\
\xa3\xdc\x9a\x8a\xb7e\xc7\x84\xf5\xe6m\xe9sB\x8e\x99\
\x11B\x22T\x83\xdd\xa7\x5c\xc6\xcc%\xc8\xd2\xc3\xeeY\
\xde\xef\x07\x8a\xc4m\x876i\xd9Cu+F\xca\xcb\
\xcb\xf9\xdf\xc81S\x11)\x187\x08\xfb\x099X$\
\x96m8\xfe-+\xad\xe3\xce\xd0C\xf5\x01V\x14\x90\
\x19\x11\xa2\x1d\xec\xcc\xe1\x13.\xa7\xf0\x02\xc5\x0fb$\
\xd0\x9dH\xc4#$b%+\x92%\xfcB\xa8[\xd1\
\xbe\xa3D\xd5\xdfq\x9bSF<\xcc\x8d\x0eM8\x9b\
\x89\x91\x10\xc7DGG\x87\x89/\x08\x92\x99\x88H\x81\
-\xe1\xc1\xfb\xa3]\xd6\x8f\xa8\x92\xff\xe4\xa2\xf5\x0b\xbd\
\xc5\xd0\x14; F\x82\xb9&M\xd8\x85\xc4X\xff\x9b\
\x89\xa39nA\x11E\xe7I\x0d\xe7(R*\xdcm\
|!!<'\x92\x97\x87\x22\x02\x84W\x08u+\xbb\
\xc3\xf5\x0c\x9f\xd6\xc4j\xe8\xefk6.\xb2\xde\xa51\
\xe4q\x96\xbe!\xf5\xad\xb6?\xd3\xb2#'T\x11 \
\xdc\x11)p\x1a\xd2=\xb3\x8e\xd2\xda?\x18?\xd4~\
P\xe5v|\x9f\xd3%f\xd9\xf7f\x97\xcb=\xb1\x83\
E\xf6\xfd\x08-'\xf0\x8f\x02.66V\x7f\xf4\xe8\
\xd1T\xe6\x0e\x8azS\xe7\x17\xefu\x98\x9b\x0cz\xfd\
\x15\xb7\xee\xbe\x8eo\xa6\x0c6?ml\xef\xe1\xb8v\
\x14+\xb8\x86\x06\xbf\xd7\xdb\xbf\x7f\xff\x22\xdam\xe2\xad\
1\xf3\x04F\xf6\xb5\x02\xde\xea\xee\xdb\xb7\xef\x0b\x9a\x0a\
S\xa3\xa3\xa3\x997\xfc\x8c\x8d\x8d\xa1\x01\xc7kkk\
\x17\xed\xd8\xb1\xe3?\xcc\xed\x97\xa0^\xe2m\xde\xbcy\
\x09m[_\x18\x19\x19\x09\xeaU\xf1t@;J\xce\
`0\x1c\xa4\xa8|\xc0\x5c\xb3\xcc2\xcb,\xffG\x04\
\xf7\xb4\xf1\xc5@\xb6\x8a\x0c_\xc4\x84\xbc\xbc\x98)\xf2\
\xc9\xf0zZ\xfa\x8e\x02\xeb\xa6W\xc9\xea\xf9\xdc\xd7\x80\
`\xd6Z\xa5dW\xc9\x1e\xe7s\x026\xb2kB\xd2\
\x03\xfe\xe9\x8c(\xdd\x15\xe4\x84\xa0\xe5\xd3\xc8\xfeF\xf6\
\x1d8\xfc\xa0#\x83P\x08YK\x96L&\xb2\x82,\
\x8fL\x5c\xd7\xe1u\x01\xceA\xf7\xc4\xb5\x91\xc6}\x00\
~\x87\xbc4\xfa\xe25qN6\xcb\xfb '\x04\x1f\
\xbc\xbcMv\x9c\x0c\x17C\x85'B\xbcQ\x12\xd9<\
2\x9c\x87J5\x91A\x04\xa2ZG\x06\xf0\xef\xd4\xb7\
\xc8j\x985\x90\x89\xe7V\x93AD\x0b\x19\xba4\xc0\
8D\x19\xbe\xe7\xfa9\x19\xba\xf4\xa4\xc1\x0d\x85O\xdc\
h\xf7I\xf6\x94\x90\xe4\xf95\x99t\x8c`a\x07A\
\x22\xaf\x93\xfdVH\xf2\xd1\xc08C\x04\x00\xce\xfd\x85\
\x90\xe4[\x19\x8dP\xc6\xe7\x04^!\xc3\xf5E\xf0\xdb\
\x0dB\x92\x8f\xb0\x0f\x81\x22\x82\x9b\xe2G\x15d\xb8(\
\xc6E\xa0\xee\xe5\x0dZ\x14-\x8d\xdf\xa2\xd2\xf8pF\
l\x14 \xbevk%\xc3\xb5\xffN\x86h\xa0\xb1 \
\xce\x9bNv\xf4|\xdc\x19,?#\x13vw\x02x\
\x99\xd3G&\xf6u\xb9\x88\xe0\x5c\xb1\x15\xbd\xf1>\x17\
\x11\xc1\xa7N\xf8\xfa\x08\x0d\x80hzG\x04]\xd6/\
\xfe\x22\x82\xcan'\xfb\x88\xcf\x09\x9c&C\x8bJ\x07\
\x9b\xb4\x851\xb3\x89]\x07\xa0\xe5\xa4\x11\x14\xc7\x91\x88\
\xf4\xb7\x18G\x98\x04\xf0\x05\x12\x22%\xbdNH\xa0\xa5\
\xd1\x0ab?\x06\x88\x0e|\xe7\xc8\xd0e\xd0\x82\xb4\xdb\
\xe3+\x00\xd0\xc7\xd1\xd2\x18\x8chUt\x8f\xcf\xc9p\
>\xbeZ\x10[\x18\x956\x93\xe1<q\xf2\x80(\x5c\
\x0b\x91\xa8%\xc3\xc4\x80\x01\x8f\xfb\x88\xf7\x95\xd6%\xec\
\xa0b\xde\xdbgT\xd2\xdb\xe7\x0fi\x94&\x01\xc7\xfd\
\x0f\xe7\xae\xb0D4\x90\x9d\x8d\x00\x00\x00\x00IEN\
D\xaeB`\x82\
\x00\x00\x0f\x00\
\x89\
PNG\x0d\x0a\x1a\x0a\x00\x00\x00\x0dIHDR\x00\
\x00\x002\x00\x00\x00@\x08\x06\x00\x00\x00X\xd5${\
\x00\x00\x00\x01sRGB\x00\xae\xce\x1c\xe9\x00\x00\x00\
\x04gAMA\x00\x00\xb1\x8f\x0b\xfca\x05\x00\x00\x00\
\x09pHYs\x00\x00\x0e\xc2\x00\x00\x0e\xc2\x01\x15(\
J\x80\x00\x00\x0e\x95IDAThC\xed\x9a\x0bt\
U\xd5\x99\x80\xf7\xe3\x9c\xfbJB\x08\x84 SP\xea\
\xa0\xa3\x05\x95\xaa\x15\xcc\x83\x10\x84\x82\xa0\x22k\x09\xca\
\x8ck\x18\xeb,k\x1d:\x9d\x96a\xe4}In\x10\
l}M\x99j\xd5\xaej\xad\xd5\xa9\xe2r\xc6\x11\x90\
\x0a\x04JL\xe2\x14\xa6V(\x16G)\x11K\x90\x97\
I.\xc9}\x9c\xb3\xf7\x9e\xff?g\x9f\x9b\x9b\xe4\xde\
\xe4\x06\x10\xdbY\xfd\xee\xfa\xd7=\xfb\xdf\xfb\xec\xb3\xff\
\xbd\xff\xfd<\x87\xfc\x7f\x81\xea\xffs\xce-\x0f\xd6\x17\
X\x226\xc2\x1f\x1c4\x94\x11bF;;O\xe5+\
v\xd2\xb0\x86\x9e|\xb9z\x5cR';g\x9c\x13C\
\xe6\x86\xf7\xf9N\xfa\xa2\x951I\xaa\x88\xa2\xa5R\xb1\
\xab\x84\x22\x83\x15\x05\x13\x94\x9b\x86\xc2O\x11I8U\
\x12\xb4\xbfc\x84\xee1\xa8\xa8\x0f\xf9b\x9b\xdeXR\
\xf5\xb1\x9b\xea\xcc9+C\xbe\xbav\xd75Q\xdb\x7f\
\xaf\x10\xea6A\xf9`\xad\x1e\x00`\x9e\x12\xca`\xb2\
\xc9G\xac\x1f\x95\xe4\xf1\x177,*\x8d\xe9\xc8\x01q\
F\x86L\xa9\xddy]\x5c\xfa\xd6&\xa51EQ\xcc\
\x02\xab\x1d\xff\xbb\xb2s5\x920%\x9dk\xa7u@\
\xa3\xe0\x87\xad\xe3\xa6\xf5\xee\xc3+E8\x11\xc7\x0de\
?x\x85:\xf9\xc4S\xd5\xb7t:\x119\xd2\xf5\xe4\
\x1c\xb8\xe3\xb1\xad\xc3\x9b\xdb\xf2\x1f\xb4\x88\xb9\x00\x1f\xdc\
\x0d%\x95\xc9\xd5\xbbP\xc3\xdb\x0ci\xfdO\xa1/\xf9\
>U\xf4\xa3\xc9c.m_t\xfb\x85\xb1{\x1f\x7f\
\xa7\xe4hk\xfb\xe0V\xc9\xbfhIc\x9c\xa0\xb4\x1c\
n\x99b\x13>H\xe7\x90\x82Sy(\xc4\xe4\xc2\x1d\
+&n\xd4\xaa~\xc9\xd9\x90)\xb5\x8d7F\x05{\
\x16\xea\xad$\xdd\x04\x83\xd8\xcd\x06%O\x16\xd3\xc4\xf3\
\xff\xb9\xb2\xf2\xb0V\xe7\xc4=O\xee6\x0f|\x92\x98\
\x9e \xc6\xdf\x0bEo\x86\x1e\xd4\xd5\xa9\x14%A\x9a\
\xfc\xf1\xe8P\xfb?>\xbfxz\x87\xab\xccN\xbf\x86\
(\xa5hem\xe3\xd2\x984\xd6\x80\xa38:\xa8i\
\xb8\xb2\x9bC<\x19\x9e_\x12|\xe1\xeb_\xbf\xd6r\
\x22\xce\x82\x9b\xd6\xbcu\x19\xb4\xd6\x9a\xb8`s\x14\xe5\
P.\xd7 \x93\xd8\xfb\x8a\xfd\xd1Y\xaf/\x99\xf6\x91\
\xa3\xc8B\xdf\x86\x80\x11e\x91\xc6\x1f$\xa4\xff\x1b\x8a\
z\xed\xa0\xec \xb5\x1f\xbb \xef\xa3U\x1b\x16\xdd~\
F\x1d\xb3/nX\xdb8\xf9t\x92=m\x13c\x8c\
g\x0c'\xb2%\x8f&\xab\xeaV\x95\x1fp\x14\x19\xc8\
j\x08\xb6Dy\xa4\xe1\xf1\xb8\xf2\xdd\xab\xa0\xfe\xb1\x9b\
r)\x8f\x17\x04\xec\xbf\xde\xb6\xb4t\xabN\xd6'\xe1\
p\x9dQg\xf8\xbfcI~\xed\xa0\x80\xb5r\xcb\xfd\
\xd9\x0b\x92\x0e\xceA\xa7\x12\xfc'1e\xcc\xf1\x8a\xc8\
\x94h\x19\x11\xa4U\xaf\xdd\x7f]\xc6<\xb2\x1aR\x11\
i\x5c\x11\x13fD\xc2\xa8\x84F0\xa2\x0e\x94\xf8\xe2\
37.\xad8\xa8\x93\xf4IU\xcd\xae\xb1P\x90g\
m\xc5\xc6sBv\x0b\xca\xae\xf2\xd3\xe4\xca\xa9\xa2\xf4\
\xd1\xeaj*u\xb2\xec@EVD\x9aj;\x94\xb1\
\x0c\x1d\x19[\x87\x13\xeb\xe0\x85\x86\x7f\xe2\x86\xe5W\x1f\
w\x13u\x91\xd1\x90\x1bj\x9bf\xb5\x0b\xfe\xba\xf4j\
\x83\x88\x03C8\xab\xda\xb2\xe2+-\x8e\xa2\x0f\xe6\xbe\
\xb4\xcfw\xe4@\xdb\xb2\xa40\x97\xc1\xed\x1d>*\x9e\
\xf2\xd1\xe4\xc6\x98\x0c\xac\xb1\x94Qn2{O\x11\x89\
\xdd\xb5y\xd5\xe4\xbd\xfa\x96>\xa9\xa8~kE\xa7\x0a\
D\xa0c:\xe1\x00\x15u\x7fqY\xf3\xb4\x97\xe7\xcd\
\x13\x8eB\xe3\xf6\xde4\xe6<\xb2yD\xbb`\xcfx\
Fp%\x8f\x95\xf8\xdag\xe6b\xc4,\x98_\x0e\xbf\
\xd7\xf1\xeb\xb8\xf4\x87\xa1%\xcd\x11>kv\x90F\xdf\
a\xb6dW\xfa\xdbo\xf2\x93\xe4\xaf\xc0\x98kN\xa8\
\xd0\xee\xf2\x9a\xa6\xf07\xffu\x93_\xdf\x9a\x95]\xe1\
\xb2\xda\x00\x8b=\xae\x83$\xaex\xd5'\xef_\xf4\xcf\
:\x98\xa2\x97!\x9f\x9c\x1e\xfa0\x181\xcc\x0dA\xc7\
\xe6\xe2\xf6\x8dK\xa7\xf5\xe9Nw>\xb7%\x0f\x06\x85\
\xef~\x22\x83\x8d\x161\xbe\x84:\xaa\x14)\xba \xf9\
\xdf\x82\x86\xe6\xc5)\xab\xf8M\x22\xff\x11\x9b\x1a!t\
\x11\x18f}\xe0v\xabw\xb7\x16\xef\xc1\xd5\x81\x93I\
\x1f\x8c\x1d\x1e\xf8'\x93\x88z\x1d$\x9d6[=#\
\xb2\xed/u\xd0\xa1\x9b!\xd3\xd7\xec\xa8HJ>\xdf\
\xf18\x18bC\xd4~d\xe7\xca\xebw\xe8\xe8\x8cT\
F\xea\xca?84\xe4\xdd\xb84\x17+\xc5 ?\xd7\
\x05p\xc6?t\xd8\xb7xRY\xd9\x5cC\xc9\x97\x0d\
J\x130\x80\x5c\xeez\xb3\x9b\xc6\x22l\xec\xc9d\xb0\
\xa9\xb4\xfa\xad\x07\xbe\xfdpC\xd0Qf\xe0)\x18\xde\
\x87\xfa\x92\x0b\xa0\xc3G1\x0cy\x07\xdaT\xfe\xc3N\
\xa4\xa6\x9b!m\xc2_\xeb\x0d\xb3\x9c\x8aC\x17\x8bx\
\xd8\x09d`\xee\xbf\xd5\xe5\x97\xd6\xbc\xbd\xbeC\xe6\xff\
\xd2R\xf4b\xadN\x83\x91Ne\xdc\xb3\xf5\x97\x8d\xfb\
a\xd6,.\x09\xb6\xad6\xb9\x00\x17q\xf3G\xf4\x95\
\x91 \x81\xa5MQ\xfe\x9b\xf2\xea\x862W\xd5\x1b\x1c\
d\xf2\x99\x88xw'%\xbb\xe5\x86\x9a\x1d_\xd6\xc1\
.C\xa6=\xd08\xc1\x96\xc6$\x1d$y<\x11\xfe\
IuU\x5c\x07\xbb1e\xdd\xae\x1b\x9bO\xe4\xedK\
(\xb6\x10VN\x19\x07\x0c\x93Z-\xa3/\xbfn4\
\xa5R\xd8\xc2\xa8:\xd9\x91?\x9f\x08\xb2_G\xf7@\
\x91$\xe5\x97$\x88Y_\x11i\xf8\xc1\xd7~T_\
\xa0#\xbaq\xa1H\xac7\x88h\xc6k\x18Ki\xa7\
\x0c,w\x22\x80T!&V\xbf\xfdc\x8b\xf0\xbb\xf0\
\x1af\xd3\x83M\xab&\x8c\x81\xb4]\xd5\x07\xcc\x0e\xd7\
\x0d>\xc6C\x0fY\x8a\xdd\x8dK\xbft7\xe9\x09\xc6\
\x0c2\xac\xf9\xc3\xcc\x96_\x9d\xb6\x8a\x82\x05y\x81\xe3\
\xbfo#\x9bmb\xa6j1\x13\x98/\x14\xf6P\x1e\
\xb3\xee\xae[Y\xb6]\xabS\x94G\xea\xbf\x01#\xa0\
\xd3\xf9aA*F\x0e\xa2\xa3^\xfd\xceWZ\x9c\x16\
Y\x10\xae\x0b\xc0Z\xe76\xafP\x8c\x93\x1f\xf64b\
\xd6\xda]E-4\xb8/\xa9\xb86\x02\xc9l\x04\x82\
1\xed\x96\xf1bK\xbc\xe4\xb9N\xc9\xbf|\xb0\x8d\x1f\
\xe8\xcf\x08\x04\xe7,A\xf8\xe8vin\xad\xac\xdd\xb9\
P\xabS\x0c\xf1\x9dx\xde\xeb+\x922~,*n\
\xc7k\xc7\x90f\xd3w\x03(\xa19\xb1\x80R\x16\x9b\
\xf6\xcfP\x9f\xce\xe0PT\xc0\xea\xf6\x88\xdfP-~\
C\xe6$>S\xb5\x08\xee\x1b-Y`\x91a\x90\xce\
Li2\x8b\x00a\x1f\xc3\xb0\xdd\xa6\x1f\x9f\xe2\xb5\xfb\
o\x8d\x1aT\xbe\xaa\x838`\xcc\xc6\x7f\xa7j'F\
\x9a\x1e\x82\xa5\xf5\x22\x0c\xe2\x84\xd5\xb4r\xc2\xb5\xa8\xff\
c\xa5\xaa\xa6a^\xbb2\x7f\x8e\xeb\x0d\xae\xec\xc4E\
\x05\xa2\xc8pb$\xb9\xde\xf9\x07`\x81\xd6\xcb/\xd3\
)\xabmXh\x09\xc3\xe9K\xe8>&\xb1\xb64\x84\
\xcb\x96a\xb8'e5\x0d\xff\x01\x13\xe0(\x1d$y\
,\xb6\xb8nee\xaf\xfc+\xc3u\x97\xc5X\x10\xbc\
\xc0\x1d{\x18\x95\x89\xe9bsyuuu\xc6\xa5\xcc\
P\xdeZw\xda\x1a\x06\xae\x85\xbb\x22\xc3\x7f\xdaJ^\
\xe3\xdc\x09\xcb\xf3+\x9d\x14\x00L<{\xf4eF,\
\x9b]\x22\x08\xbb\x1a\x05\xee\xbb:!\xf98\x1d\xd5\x0b\
\x88\xbb\x0e\xfc\xddI\x8b\x12\xb7\x8c/\xe8\xa8n\x9c&\
F\xb1 f*\x9d\x90\xfc\xfa\xfdc\xc7z\x1d\xb1\x17\
\x1b\x96\xcf<\x0e\xc6:\xa3\x17N\x17\x1d\x09>\x8e\xdd\
\xfa\xc0\x9bCa&\xcfw\x94\xf0\x1bj\xc4\xde\xc7\xeb\
\xec\xa4F\xec~\xc9Z\x92~\x80\xb9\xb8_\xc0\x90\xff\
\xd5\x97\xd02\xf4\x8b,\xae\xe8po\x14\x82\x15.\x89\
\xfa\xf2\x1cK\xb3\xd1\xff\xb2\xf5L\xb0A\xb2\x8f\x80\x99\
\x10J}\xecU\x15\x94i83\x83\x85E\xde@K\
\x95\x94\x7fuyq\x9f\xdb\xca\xdc\xdb\xe3\xb3\xc5\xc7\xf8\
i\xcfxJy\x1e\x83\xc9'\xb5\x02\x05\xb5Z?\xf3\
\xd2\x84\x0e\x9eg\x06\xe6\x88B\xda\xb0;u\xef1\x18\
\x0d\xb2\xe3m\xc9\xa3N\x08\x81\x09\xe6\xee\xa7\xf7\x0d\xd1\
\xa1\xf3\x88;x\x0e\x04J\x8db\xafE\xe2I\xfb\x04\
\x1b\x16\x14\xed\xdeB\x11\xfb\xca\xd1\x13-gp\xd0\x96\
\x05\xed\xb2\x9f\x05B\xaaT9\x0dN\xa2\xec\xca\x8b\x87\
\x1d\xe3\xb0\xaftU0\x94\x89\xd0%\xee\xf59``\
\xde20\x18I\x95\xd3d\xf4\x08\xab\x9e7.\x09\xcf\
\xd3\x1bzJ,\xc1\xafp\xaf3\x83\xa3\xd6\xb9\xaf\xe8\
\x81\x8dZ\x0b\x9e\xa9\x0bHI]C`\xac6dr\
\xaf3\x08\xc1Bm\xb7\xa3\x84+\xd8\x08W\xb8\xd7\x99\
\xc1\x1b>\xcb\x8a\xce\x85\x96\x8fq26\x9cA\x8a\x12\
\xa9\x06\xe5\x07\xf78\x86\xf8\xa8\xda\xe5\x16\x0f\xb7\xa1\xac\
\x0aO\xd7Q\x9f\x99\xee3I_\xc3q\xafc\xd5\xac\
\x89\x0d\xe7\xd0\xcf\xa3\xfb\xba\xbb7\x1d\xc4?\xd3K\x04\
\x0b\xc8\x0fR\xcbx<\xda\xa7\xca\x86\x18l\x11V\xd0\
\xc2\xdbf:\xa92\xe0\xe7\xe4p\x90\xab\xe6\x10H\x00\
\xc4\xcf\xd5\x87:\xaa\x17AC\x1e\x08q\xd1\x8c\xe9\x83\
\x5c6\xfb\xa9}LGu\xa3\x90\xa8S\x01\xc3\xfe\x10\
\xf3t\xf3\xb5\xf7\x7f\xe9\xb7\xbf\xcdh\x0e\x9e\xb7\xc1\x96\
\x03\xb6\xe3.0\x89o\xc2\xffT5L\xa8n\xda\x09\
\xfb\x05\xd8!*\xd8\xdd\xd9\x9b\x9bVM\xccj\xcc\xe7\
\x09\x9eD\xb6&\xcd:7\xa4H\x01\x89M\xdc\x11\x9e\
\xf4v\xca\x90\xc9\x91]\x0b\xdae\xf0YT\xc0\x0c\xaf\
\x86\xe7YWn\x5c\x5c\xb6\xcf\x8d%dN\xed\xce\x11\
GU`3S\x8a\xf7\xd3\xf2\xe7\x0c\xa6\xec\x9f\xd6\x87\
\xcb\xbf\xab\x83\x0ee5Mo\xc4\x951\x1d\xafa\x81\
\xbb\xbf)<\x01\x17\xad*\xe5\xb5\x17\xd9\xf6\xcfa\x96\
w\xce\xae\xf0\x10\xb95f\xacs\x224Q\x99\xc8O\
J~UB\x9a\xe3\x12\xca\x00q\xff\x93\x19\xc4\x8dK\
Ogf\xd0gN\xd7M'\xf9\xa5\xfa\xf1\x0e\xd3\x22\
;'\x81\xde1\x02[\x83\xd3$\x9e\xa48\xf5\x9a2\
\x04\x0f\x1a\xc0\xdf\xb5\xf5\x8a\xc4%\x9f\x85\xaf\x12\xdc0\
 h\x82K;J\x94\x15%\xf8\xafEe\x10'N\
i\xd1\xe1l\xfa\xec:\x11\xf5Q;\xb5C\x84=\x8b\
\x11\x95\xe6\xf7=o\xe0D\x1c\x9c*\xec\xe7t\xb0\xfb\
H\x8a'\x7fo\xb7\x16\xef\x85\x0e\xef\x8c\xd1\xd0B\x87\
\x0b\xf3?\x1d\xff\x8bE3N9\x09>G&\xd7\xd6\
G\xa2\x22\xb0B\x07I\xa1\x91\x98\xbf}y\xd9\xbf\xeb\
`\xf7\x01q\xfd\xb7f&\x0a\x98}\x9f7\xfc\xd9\x84\
\x8fj\xef(|a\xeeK/qW\xf3\xf9P\x15\xa9\
\xffj\x87\xed[\xee\xd5\xbb\x8fZ\xbfH7\x02\xe95\
\xb2o[Y\xba5\xc8\xac\xf5:H`\xab:\xfd\xc8\
\xefF~_\x07\xcf;\x93j\x1a\xae\xe8P\xbeW$\
ex\xc0\x82.u\xea\x0by\x1d_\xd3\xd1)z\x19\
\x82\x8c/\xfct1\x0c\xc1\x8dn\x88\x92\xb82\xef+\
\xafi|\xd4\x0d\x9f?*k\xeb\xc6\xc7\x14\xdb.\x14\
sv\xb0\x8c\x08\x91gZ\xf37,\x9a\xfa\x07'A\
\x1a\xdd\xfaH:s\xbe\xb7\xa5\xe4Hga\xa3M\x8c\
\x8b\xd1\xd5pe\x1c\xe4\x89WF\x07B\x0b\x9e_<\
\xbe\xdfwzg\xcb\x94\xda\x86\x9b\xa3\xc2xQ)\x96\
\xe7\xbc9\x86)a\xb0\x91\x5c\xb8mEY\xead>\
\x9d\xac\x86 \x15\x91\x9d\xa3\xe2\x22X\x07\xcd\x9a:\xf9\
\x86\xa6\xdd\x9bo\xc8;\xb7/\xbf\xfe]\xad:\xa7\xe0\
\xf2\xe8\x0f\xacuuR\xf9\x97\x80\x01\xfa\xe5\xb7TA\
e/\xaa_]\x9a\xd5+\xfa4\x04\x99\xb3\xaeid\
K\x92l\x84\xbe\x92:iaJX\x01&\x1f\x1de\
\xda\xeb^XZ\xf1\xa9V\x9f5\x93k\xdf\x9a\x1e\x93\
\xfc1[\x99\x979\x0a\xf0\x04t\xa7\x02\xd3\xfe\x87\xed\
\xcbK\x9fttY\xe8\xd7\x10\x04O\xde\x8f~\x1ax\
\xa6S\x1a\xb7u\xdd\x82\xaf\xe4\xc4\xa9\x00\xb5\x1f\x1fR\
$\x9fx\xed\x9b\xe5Gt\xc4\x80p\xde3\x9a\xfe\x1b\
\x85dKa\xc6N\x9d\xaf!\x06\xb1\x8f\x87X\xe2\x8e\
Lga=\xc9\xc9\x10\x8f\xcaH\xe3]1\xc1\x1e\x16\
\xd4(r\xaaK\xc3\x94\xb48\x93\xdb\xfd\x8a\xbf\x1e4\
b\xdb\x0b.9z\xa0\xe7\xab\xb1t\xe6?\xb4\xbb\xf8\
Hg\xe7DK\x993,\xc5o\x05\xd7\xedu\xde\x05\
\x15\xf4JI\xb0\xed\xbeW\x17O\xcf\xb8\xd0\xec\xc9\x80\
\x0cAf\xac\xd94\xacM\x14E\x92\x0aO\xeeY\xb7\
\xe5>.\xdbq`\x80\x1dg\xcc`\xf2C[\xb1\x8f\
\x0c\xa6\xda-[vp\x83\x0f\x87\x95k!$\x1b#\
$\x1d\xe1\x9ciBb\xf7s\x8e\xaeJ\xe1\xca\xde\x9b\
\xe7\xb3\x97\xd4-+wV\xb5\xb92`C<\xa6\x86\
\xdf\xbc\xb0\x93\xe5\xff\x8bM\xd8\xdf\x0a\xc2\x9d\x03p\xc7\
\x10\x1d\xdf\x1fX\xf4TZ%\x94Ie\xa3\x9fZ\x8f\
\xee\x5cU\xf1\x0a\xc4tY\x96#gl\x88\xc7=O\
\xee\x0e\xbd\xd7b\xdd\x9cdl6l\x8e\xa6X\x8a\x0d\
\xef?W\x0a5/,\x98\xe2\xf6\x98\xd4\xda\x14\xf2\xab\
\x97r}\x07\x9f\x8d\xb36\xa4\x1b\xb0\xe9\x99\xbdn\xc7\
E\xad\x96o\xbc%\xe9(\x98\x8cGJ\xc2C&\xa7\
y\xb1\x84}\xdc\x87\xa7\x1dL\x1d\x0eR\xeb\xbdAA\
s\xef\x99~\xd2\xf4g\xfe\xccy$S\x1f\xb9\x00\xe4\
\x19\xfd\xff\x0e*\x00<\xd5\xc3\xd7q\x1b\x9c\xd0\x9f\x10\
\xabA\xf4\x06\xdfa\x06\x08\x0e\x89c\x9c\xd0\x1f!\x19\
\x97\xf1\x19\xf0\x0e!\xd2\xcf\x85\xb1\xc5&\x83\xa4\xbf\xb1\
\x1a\x0f\x82\xba\x00\x08\xae\x97&\x82\xf4\x04O\xacQ\x8f\
\xe9\x8aQ\xa1\xc1\xbcQ\xe7\xae\xb3\xba\xc0\xf4\xf8N\x13\
\xe30\xff\x8c\xe4b\x08>\x0c\xbf\x80x\x03\xc4s5\
l-\xd4a\x0b\xed\x02\xc1\x16C\xf0\xa1\x18\x87/\xf2\
\xff\x06\xe4\xa7 O\x80x`\x810\x1e\x0b\xfd-\x90\
\xef\x81 \xb0\x86#\xff\x05\x82\xcf\xc2\x15njc\x07\
\xbc\x09\x82\x86\xe3=x= \xd0\xb5~\x0f\xb2\x16\x04\
7X\xbf\x06\x19\x09\xe2q'\x88\xf7.\x00\x0b\x8b\xe9\
=\xd0\x05ou/\xc9M \x98\x8f\x07\xbe.\x9b\xea\
^:\x05\xc3\xda\xc7\xd6\xc3O\x09\xbd\xda\xc6\x96\xc6<\
0<Z_\xa3\x0e\xe9\xd9Z\xfd\xd2\xb3\x8f\xe0\xc3\xf1\
%\xbd\xb3S\xd3`k\xdc\x01\x82F\xf64\x04\x0b\x80\
\xa0;x\x86x\x05LwO\x04[\x09\x0dI\x7fI\
\x82\xc7RXY\x08\x0e<\xb8U\xc0g\xf4\xbc7E\
\xae}\x04?\xfdC#<\xff\xc7&F\xd7\xc0/\xa8\
?\x00\xc9\x05\xbc\x0fI/0\x82z\xd4\xa5\x17\x12\xbf\
\x81\xf1\xbe\xce\xc6W\xe1U \xf8\xc1\x8d\xde~\xf7&\
WC\xbcf\xc7N\x8f5\x88\x1d\xfc\xdb M \xe8\
r\xfd~@\x06\x9c\x00i\x05\xf1\x5c\x0b\x0b\x8f\xf9`\
\x9eX\xf0r\x10\x04\xf3\xc3\xbe\x82z|.\xea\xb1o\
\xe2\x19\x1b\xbaV\xfa\x00\xd1'\xe8\x02\xe8V\xd8\xbc\xd8\
\xacO\x83`\x0b`\x87D\xb0\xe6\xde\x03\xd9\x0c\x82\x9d\
\x12\xd3\xe0g}x\x1f\xba\x03\xba\x8f\xe7j\xd8q\xd1\
m\xbc\xc1\x00]\x11\xf3\xc5O0\xf0~oT\xfb;\
\x10\xfcf8\x02\xf2\x22\x88g\x14>\x13\xf5K@0\
/\xec\x8f\xe7\x9c\xac\xfe\x9a\x03\xe9\x03G:\x99j\x1b\
]\x1a\xfb\x9c\xd7\xe13@\xc8\xff\x01\x05\xc4C\xbe\x85\
B\x97\x13\x00\x00\x00\x00IEND\xaeB`\x82\
\x00\x00\x12\xbf\
\x89\
PNG\x0d\x0a\x1a\x0a\x00\x00\x00\x0dIHDR\x00\
\x00\x002\x00\x00\x00:\x08\x06\x00\x00\x00\xf2l\x0a\xdc\
\x00\x00\x00\x01sRGB\x00\xae\xce\x1c\xe9\x00\x00\x00\
\x04gAMA\x00\x00\xb1\x8f\x0b\xfca\x05\x00\x00\x00\
\x09pHYs\x00\x00\x0b\x11\x00\x00\x0b\x11\x01\x7fd\
_\x91\x00\x00\x12TIDAThC\xedZyx\
U\xe5\x99\xff\x9d{\xee\x9a\x9b\xed&\xb9Y\x08ID\
\x08K\x22\x90\xb0\x85%\xa2\xb8T\x8b\xb4u\xc7\x82>\
Z\xa1\x8d\xb8\xcb\x8c\xe3t\x9c\x19K\xe7yf\xfe\xd0\
\xce\xa3\x9d2Z\xa6\xd6Z\x18\x15\xc1\xbaT\xa8\xad\xe3\
X\xcb*\x8b\x10b\x02BB\xf6=!\xcb\xddr\xb7\
s\xe6}\xbfsNrs\x93\x00*}\xa6\x7f\xf4\x17\
~9\xe7|\xeb\xfb~\xef\xf2}\xe7\x04\x09\x7fF\xdc\
|\xcf=\xe96\xc9|\xa7U\x95\x0eo\xdd\xfa\xcb\xa3\
T\xa4j5\x97\x1e\x97\x5c\x91\x0d\x1b6\xe4u\x0f\xf8\
\xef\x0c\x0fa\xb5?\xe0\x9dg\x82\x22CR!\xd9l\
M\xb2Iz-\xc1f\xdbYTx\xd9\xb1M\x9b6\
)z\x97K\x82K\xa2HE\xc5\x13\xb9m\xbd\xed\xb7\
\xaaQem8\x1c.\x93\x94\x08.\xcf\xb6\xa3df\
2\xdcIf\xb4\xb6\x07P\xd3\x1cBc\xcf B\x8a\
\x1d&\xb3\xb9\xdea\x91\xdfIp:\xff\xfb\xb5W\x7f\
\xc1\x96\xfa\xda\xf8\xca\x8a<\xfc\xf0\xc6\x99\xad\xdd=\xdf\
\xf1\x07\x86V)\xd1\xc82\xd5d\x92\xa0Da7K\
\xb8\xef\xc6\xe9\xf8\xc6\xc248\x95 T\x13\xe0\xf7\xf9\
\xd05\x18AkO\x00U\x0d~\x9cj\x0d\xa0\xa5\xd3\
\x0f_\x94\x8ce\x91\x1b-\x16\xf9\xfddG\xc2\x8e\xa4\
\xf2\xc5\xfb\xb7TT\x84\xf5)\xbe\x14\xbe\x94\x22\x0f>\
\xf8\xc4\xb4\x96\xf6\xf6o\x99$\xd3\xfa@0X\xa4B\
ANN\x0e\xf2\xf3\xf3\x90\x92\x9c\x88\x96\x96V\xd4\xd6\
7\xc2\x17\x0c\x22'A\xc1\x8ayY\xb8\xaa\x84\xea\xdd\
6\xc8\x08\x00\x8a\x09\xc1@\x04\x9d\xfd>\xb4\xf4\x85Q\
U7\x843\xad~4t\x0e\xc0\x0f3d\xd9\xd1e\
\xb3\xc8;\x12,\xd6\x1d\xaf\xbf\xfe\xca'\xfa\xb4\x17\x85\
\x0b*r\xff\x03\x8f\xcd\xe8?\xd7}k(\x12\xb9#\
\x14\x0a\x97*\xaa\x84\xb4\xb44\xcc/\x99\x8b\xa2Y3\
\xe0r\xb9\xa0\xaa*\xc2\xa1 \xbc\xb4\xf2\x03\x9eA\xb4\
5\xb5\xe2\xcc\xd9F4u4\xc1\x14\x8ebz\x8e\x0d\
\xd7\x94fc\xd1\xec\x0c\xb8\x9d*L\x1c\xf2\x14!\xbe\
`\x08\xdd\x83d\x9d\x9e0\xaa\xeb}8\xdd\xe2Ec\
\x97\x17\x9e\xa8\x1d\x16\xb3\xa5S6\xa9o\xd8\xed\xb6\xed\
Rd\xe8\xd0\x8e\x1d;\xa2\x9aD\xe3c\x5cEn\xbf\
\xfb\xee)\x8a\x1fw\x0d!\xba&2\x14*6#$\
M\xcfK\x04d\x09\xa7\x9a<\x08\x9b,\x986e\x1a\
\x16\xcc\xb9\x02\x85\xd3\x0aa\xb6\x98i$\x96\x8eHJ\
y\x02>\xf8\xbd~x\x06}\xa8;[\x8fZ\xe2\xb9\
\xden\x98\xa5\x08\x16\xcfH\xc3\x8a\xd2,\xcc-L\x81\
\xd34D=d\xea'!0\x14BW\x7f\x08\xed\xbd\
!\x9ch\xe8#\xf7\x0b\xa3\xa1\xdd\x0f?YQ2\xa9\
\x1dvK\xc2\xbb\x0e\x87\xb4#\xc5\xb9\xfcO[\xb6\x8c\
u\xbfaEn]\xb3\xe6\xf2\x907t[X\xc2w\
\xa5\x88\x5cj\x96|\x98\x9a\xe7\xc4\x95En,-\xca\
\x84;U\x82J\xc2\xb6\x9dS\xf0\xc7\xe3\xad\xf8\xe43\
Z\xf9\xfe(\xac\x0e+\x8a\x8ag\xa0d\xce\x1c\xe4N\
\x9a\x04I\xa2v\xa4\x0c_\x15E\x81\xcf\xeb\x83\x97\xd8\
\xd3\xd3E\x0a\xd5\xa2\xfel\x07\xbc\xfe~\xb8\x9c\xc0\xd5\
\xb3\xdd\xb8\xaa\xd4\x8d\xa9\xb9\x0eX\xa2\x11\xeaG1C\
\x12\xf9\x86\x14\xf4\x0e\x0c\xa0\xa5WAM\xc3 Y\xca\
\x8f\xba\x8eAx\xa3fX\xe4\x84n\xb3\xc5\xf2\xae\xcd\
a~\xb3xj\xc1'\x94\xfdB,\xbf\xb4q\xe3\xc6\
\xbc/\xce\xb6\xfc.\x14\x0e\x17K$\xe8\xac<\x07\xae\
*JG\xd9\x15Y\xc8$#\x98LQZlm\xd5\
x\xc5\xc5\xc2\xd3uH\xb2\xa0\xa6q\x90\x14j\xc3\xfe\
S\x03\xe8\xa7\x10HOO\xc3\xdc\x92\x12\xcc.\x9a\x85\
\x94\x94d\xa1\x8ch\xcd\xae\x17\x09#\xe0\xf1!\xe0\xf5\
\xa0\xb1\xa5\x99\x5c\xaf\x99\xaemP(OO\xc9t\xe0\
\xea\xf9\xa9(\x9f\x9d\x83\x9cD\x19\xb2\x1a\xa2\x19LP\
e\x15~R\xaa\xbb\xcf\x8b\xf6\xbe(N\x9e\xf5\xa0\x9a\
b\xeadG\x84\xc6SI)S_\x8a\xc3\xfe\xd8\xf6\
\xed[\xb7\xca3\xe6,,\xef\x1d\x1c|\xdc\xaaj.\
h\xb7Y\x91\x97fAV\x9a\x13)N+\x0d\x17\xa6\
A\xc5\xb0\xc3J0\xcc\x12\x05z\xaa\x19e\xb3\xdc\xb8\
iI\x01&\xbbe\xf4\xf7\x0d\xe0\xc8\xf1S8x\xe8\
8\x1a\x9b[\xc4\xea\xba\x5c)\xb0\x9ah\xa5e\x196\
\x87\x0dI))\xc8pg\x22/?\x17\xd3\xa6NA\
br\x12:\xfa\x02\xd8W\xd9\x89\xdd\x07\x9aq\xba\xd9\
C\xe9\xd9J\x8b\x92D\x8b\x18\x86\x8d\xdc8)\x89\xfa\
9\x9d\xe8\xf1\x84Dr\xe8\xf3($K\x14a\xd5\xec\
\x08\x85\xfcmug\xbe\xd8-\xddW\xf1\xe8\xca\xb6\xd6\
\xa6]O\xae+A\xd0;\x88\xbdG\xbbPY\xef\x81\
\x1aV\x90\x9fi\xc5\xb2\xe2,,.v\xa1 3\x81\
\xf2J\x88\x06 E\xc8\x1a\xb4\xd1\x91N$)i\xa7\
H\xb4\x08dv^\xc1\xce~\xe0\xe3\xaa.\xec9\xd6\
\x8a\x86n\x0a+\xbb\x13E3f\xa2\xb4d\x16rs\
'\x93p\xe4\xf3\x9a\xa14\xd7\xf3\xf9)Ix\xd1\xdb\
\xdb\x8b\xba\xbaF\x9c\xado\x80\xd7\xe3E\xaa-\x88\xc5\
sr0%+\x11GNv\xe2X\x83\x0f +\xe4\
f\xd8PT\x90\x8c\xccT;\xde\xde\xd7\x8c\xc1!l\
\xfe\xc3\xeew\x1f\x96K\x16\x94\x15\x0ez{\xd7\xde\xb2\
<\x03\xe5\xa5v,_\x92\x85\x9b\xca\xf3h\x85\xcd\xe8\
\xa6\xe0\xfb\xe3\xf1\x1e\xec>\xd4\x8e='z\xd0\xe7\x95\
\xe0t&\x229\xd1B!J.'\x04\x92\xc4\x8fJ\
\xabg\x22\x17Lr\xa8\xb8\x22/\x01\xd7\x97M\xc5\x82\
\x19)0+C\xa8:u\x16\x07\x8f\x9c\xc0\x89\xaa\xcf\
\x11\xa0L\x95\x9c\x94\x84\x04\x87C\xb8\x9e\xcdf\xa1\xf1\
\x12\xc9r\xa9\x984\xc9\x8d\xc9\xb9\xd9\xf0\x07\x02h\xeb\
\xf1\xa0\xb6-\x80#\xa7\xfb`&\xcf\xbei^\x1a\xd6\
\xaf*\xc4\x9ak&\xe3r\xb7DY2\x8cOk\xcf\
!\x10\xb1\x1d\xae?S\xb3[\x9e\xbf`~\xe1@\xff\
\xc0\xda\xeb\x96\xba\x91\x93f\x179$\xc1\xaa\xa20\xdf\
\x89\x15\x8b\xb3\xf0\x8d\xe5\xf9\xc8u'\x90\x12AZ\xe5\
v\xec:\xd4\x86=\x95\xbd\xe8\xf3EaKp\x90\xc9\
m0I\x9cD\xcc\xa4\x8e\x85U\x22\xca\xe4zad\
&IX4=\x15+\xcbr15\xc7\x09\x8fo\x10\
\x87\x8fW\xe3\xe0\xe1*\xcaf\x0d\x22v\x5c\xe9\xc9$\
\xf8\x10\xaaO}\x81={?\xc5\x81\x03\x87\xc8:}\
HKN\x86\x93\xdcN\x0dy\xf0\x8b\x8dK0\xaf\xd0\
\x8e\xf4D\xcaq\xe4\xd2~\x7f\x84\xd2v\x18\x87\xcf\xf4\
!\x1c\xb5\x1c\xae#E(o\xb2\x00\xba\xad\xe3 \x91\
\xcb\xa4'\x86\xf0\xcde)\xb8\xb1<\x15\x03>3\x0e\
\x1d\xef\xc5\x9e\xe3\x1dx\xfb@'\xde\xd8\xd3\x8aId\
\xe2\xf2\xe2LrA\x17.\x9b\x04X\xc8\xddTS\x84\
\xacC\xa3\xf2\xb6NC'X\xc2\x94@\x92Q^\x94\
\x84\x9e\x80\x99\xfas<\xb4\xe0\xb7\xbbZ\xb0\xfb\x83\x0f\
\xa1\x92\x8bq\xda\xcet\xa7c\xf9\xb2\xa5\x989k&\
Bd\x95cd\xc1\xd3\xfd\xad$G\x84\xa4!\x97\xd6\
\xc7\xe3(\x15\x12k\xe1*@\x8a\x10\x86\xf5\xe0\x9b\x91\
Z\xd1A\xd5\x9apL\xa4&\x84p\xfd\xd2d\x5c\xbb\
4\x95V\xd1\x82OO\x90\xcb}\xd6\x8bw\xf77b\
\xfb\xbe&dSP.\x9b\xad)5-7\x156\x0c\
Q\x7f\x85B\x89zK2z\xbca\xec\xafn\xc7\xa7\
\xa7\xce\xa1\x8b\x02\xd6D\xab\xab\xd2\xb9,wr\x01\xbe\
\xb3j%\xd2\xd3\x5c$\x01\xa5m\xea\xd3\xda\xd4\xac'\
\x18N5le\x96\x8d\x14\xe1\xd8\x8c\x91\xd1\x80\x90R\
4\x12)\x89\x1bsCM3\x932\xb2'\xf0jp\
)\x93'Hv\x90Re\x19\xe4~\xe9\x18\x08Xq\
\x94bh\xffg\x1d\xd8}\xa4\x01o\xefmE\xb6K\
\xc6\x92\xe2t\xcc\x9b\x9e\x83\xe6\xf6\x01\xec\xad\xe9\xa6\xcd\
tP\x8c;%\xc7\x815\xd7\xe6\xa0\xac8\x17?~\
\xf9(2\xd2R\x91F\xa9\x9b\x05\xd4D\xa4y\xc9\x1b\
D\xae\x14s\xf3\xac\x0c]FZ\x80x\xb0\x8aB\xd8\
\x89`\xec\x05\x0cn\x17\xdb\x967H\x99\x06O\xb7E\
p\xdd\x22'\xfey\xc3,l\xfb\xd7\x15\xd8x\xff\xe5\
\xc8\xa1\xf4\xf9>\xb9\xdf?\xfc\xaa\x12[~_\x8b \
e\x9c\xbb\xaf\x9b\x86\x9f?\xbe\x14/T\xcc\xc3\x9a\xe5\
n\x14\xa4\xd3J\xb2\xbb\x5c\x08\xac\x8b\xae\xa2q\x19\x86\
\xfel\x8aF\xd8\xff\x08\xc3Z\x8fF\xac\xf0\xacT\xac\
b\xa2\x0f\x0bB1\xc1\x01nR#H\xb4Gp\xed\
\x82t:\x01\xbb\xb0\xfe\xc6\x02\xcaZ*\xee\xbd~:\
\x9e\xaf\xb8\x02\xab\xaft!\xd7E\xf1C>\xcf\x0e\xa0\
\xad\xf8\xc8\x11\x8a\x9fY0QGC+\xbc\xf2\xfaf\
<\xec0\x0c!\xab&\x93\x22<\x88-b\xa6\xfcO\
\xfe\xcb\xc5\xea8\xca\x18\xc2\x8f\xb2\x84\xae\x9c\x96\xa1x\
V\x16\x80\xcb\xb8V\x13\x8c\xfb\xd8\xe8T\xc0+\x99`\
&\xe1iBvN\xed\x87\xc5\xa0\xc6\xc2E\xf8\x89\xad\
\xc2\xd7(\x1d\x90U\xf4Sv;]]\x8b\xb3u-\
zF\xa4\x0d\x90~\x8b\xf1\x85F\xb4\x00\xe2\x9e\xee(\
\xfe\x18\xe27/\xb2\x98 v\xb5\xe3\x10[g(\x17\
\x0b\xa3,V\xe1\xd1\xe0r&\x0bOW\xa3\xbf~\x19\
\x1a\x0a\xe0De\x0d~\xbd\xed7\xf8\xd9O_\xa4x\
;\x84\xc9I~\xac\xff\xe64\xd8e\xf6\x1a\x1e_k\
\xcb\x171?\x0d\xc3\x89\x81\xa1\xa9#&7x)!\
\xa6\xd4n\x87\xc1\xcf4\x8fp\x19\x12\x80\x8e\x1ag\xbe\
\xa8\xc3\xbf?\xbf\x19\xef\xbf\xf7\x16L\xbe:\xac\xbd&\
\x13/?V\x8ag+f\xe1\x86\x05njC\xf6\xa3\
\x95gch.9VRR\x84O\x9d\x94\x06\x8d\x95\
:\x0f\x0c\x972\xee'\x06\xd5\x89j\x16\x9a\xa6\x10.\
\x1b\xab\x14;\x16\xad0\xc5\x8f+EB\x8au\x10\xb7\
.J\xc6\x0b\x0f\xcd\xc3\x7f<T\x86\xb5\xe5\x93\x91\x97\
j\xa2=\x89\xddQ\x9bG\x1c\x8db0<\xa4\x0e:\
\xce\xd13\xcde\xb8\x0a7\x9fH\xe0x\xf7\x89mg\
\xc0\x18\xc7\x80x\x16\x14#\xeb\xe4\xe7(\xe5~\x15?\
^\xbf\x00[\x9eX\x84u7\xe4\xa30\xcbB{\x8f\
\x0f\x92y\x88\xea\xf5\x85\x15\xae\x13s\x8d\x05=\x8e\x8a\
\x11Q\xafg\x02\x12uX\xe0x\x18B\x1b\xf5\xe7k\
\xa3\x09\xae)\xad\x88{\x86\x98H\xdcqO\xda\xfa\xe8\
\x1d?\x023\x9f\xd3\xc4\xd9MO\x14Q\x8b\xb8\x0ae\
\xc4\xeb$\xdf\x8f\x9d+\x16\xa4\x08\xed\x89\xc6<#7\
\xe3b<\xc1\xe31\xd2\x86\xc7\x129M8\xad\x06M\
|\x0dTG\xb7&\x96\x95\x1fy\x01(\xfb\xf1\x06\xa8\
m-T)\xb2!?\x18\xfd\x8c\xbec\xa1\x8d\xa1O\
:\x11\xe2\xdd'\x1e\x17\xaa\x1f\x0fF\xe0\x0ap\x7f}\
\x01F\xca\xe9\x995\x15\x9e\x12\x83\x09\xe6\xd2t\x17~\
\xc6\x1d\xe2:\x11&r!\x03\x13\xd6\xeb\x13r\xb0\xb2\
]\xb4`5\xe6\x88%\xcf\xcd\x91\x1a\xbf\xf21\xcf\xc3\
\x91\xcdV\xe4rN\x02\xa31\xb2\xb3\x1b\x9d.\x15\x84\
r\x9a2\xe3\x8fj\x04/\xd1\x08\xecQ\xa42\xc3<\
\xc2D:\xc5`|\xafad\x1f\xe1\x9d\xfd+\xb8\x86\
\x81\x0b\xf7=_=\xd7\x19\xf5\xc6=3^1~6\
\xca\x08#k4\x0c\xddB\x9a\xb9\xb4#J\x5c\x8b\x18\
\xb0\xd0\x06\xe31\xa6L\x04)\x95\xc5\xba\xdd\xa86\x5c\
\xce\xe4v\x06\xb5s\x95\x06\xa3>\x96\x0cvSm3\
\x8d\x05\xf7\x1e\xc6yBA\xc0\x88\x87\xf1bb\xdc8\
a\x18\xb2\x0bY\xc6k\xc3\x0dh\xb5\xf5MY\x8b\xef\
X\xb1\xe2\x16\x880\xb6$N\x11\x9e-\xb6\xd1\x85\xdd\
f4\xc6oo\x94M\xa0\xa8\xa8'R\x1cH\x14+\
\x9c\x14\xc4\x9b\xe50\xe2\xfaqS\xfd6\x16bg7\
N\xac|\x5c\xa1\xf5\x16w,\xd4D\xab<\x91\x82\xa3\
\xda\x8b\x00\xd6\xce\xbc\xe2\xec*\xba\x18\xbe\x1eK\x06\x09\
.L\xc1\x0a\xf0\x18\x5c\xce\x1d\x8c+\x97\xe9\xe49\x86\
\x93\x03\xf5\x8c\xdd\xd9\xb9I<&t\x958\x5cl;\
\xf1\xa67,\x10OkP\xef?f\x1c\xa3]\x5c\xb9\
\x90_S\x22\x16B\x11\x0dZ\xa5B\x01\xe7\x0f\xf3\xfb\
\x89\xf6\xae>\xb6\xcb\x97\x01YU\xbf\xd32(\xbfG\
P\x89\xb8\xd7\x04\x15\xe3\x8b\x8f\x83\x1c#\xb1\xb3q=\
\xb75\xda\xeb\xe4_\xa2\xefh\xe8\x8aplhY\xeb\
0\xbd[\xaf\xf9\x9b?\xe1\x1f\xff\xb3\x12\xbf?t\x0e\
\xbd>\x870p,\xd8\x0a\x13\xb9\xd7\xb00z\xd6\xe2\
\xf3\x94&.\x8d\xcf\xe7\x11^y\x16D\x9c\xab\xf8+\
\xa6\x8cV\x8f\x05;\x0e\xf6\xe27\xfb\x9a\xf9\xc4\xa5\xcf\
\xc7}\x88b\x1f\xe1\xf6LQA\x18k)*\xa1c\
<\xfd\x18\xb11k\x8a\x1b7\xdf\x98\x87\x8en\x15\xcf\
\xfd\xba\x16\xf7?\xfd!\x0eW\xf7\x8b\xbaX\x18.\x15\
\xaf\x901\xceXP\x0d)\xa0JADh\xd6n\x9f\
\x09\xef\x1d\xf1\xe0\xa9WN\xe2\x07\xcf\x1d\xc4\xcf\x7f\xd7\
\x8e\xb7\xf6\xf6\x22*\x99il\x1e3v\x1cVM\x8f\
\x0b*\x1e\x9e1\xa6\x89\x89\xf4\xd0\x0bx\xdd\xe8\xb54\
!\x8c{V^\x86\x97\x9e\x99\x8b\xcd?\x9c\x8b;\xae\
+\xc0\xe4\xccdn0.&\x8e\x11\x9enD \xbe\
\x1b\x08\x9a\xf1\xd1g!\xfc\xe8\xd5\xd3X\xf7\xec!l\
~\xaf\x09\x1d\x81\x14\x94_s=\x8a\x8bg\x92\x92z\
\xc6\x8a\x09f\x01~\x16\xd4\x96\xdc\xa8\xe3ogQU\
;\x99\x98\xcc\x14\x0b\xfc\x16\xf0\xd9)?\xb9\x11mI\
\x8aU|\x1c\xe0\x08)\xccq\xe2\xee\x9b\xf8K\xe3\xe8\
\x0dh\x22\xb7\x1a\x81\xa1\x1c\xb5\x13\xf3J\xf0D,x\
\xe0\xb9\x8f\xf0\x93w\xeaqz0\x01\x0b\xcbW\xe0\x07\
\x0f\xacC\xc5\xf7\xef\xc3\x95\xcb\x96!1!I\x8b#\
\xe1z\x9a[\xd2D\xe2\xa2\xa8v\xba\xd2\xd1\x9e\x9eI\
t\x0c\xa9\x0e\xd4v\x860\x14\xa62}*\x93\xc9\x1a\
\xae2\xdb\xa4\xda\xad\x1f4\xaa\xdf{\xfa\x00\xfeiK\
%\xfe\xe7p?<\x01\x19\x8aL>l\xe2??h\
1\xc1\xf30b\xad\x10\xaf\xd4\xf0s\x9c\xeb\xf1\xe7\xa0\
\x81\xa0\x0d\xd7\xacX\x81G+\xee\xc7\x8a\xab\xca\x91\xe5\
N\x13_\x19\xeb\xcf6\xa0\xad\xad\x99\xba\xb0\x9b\xc7\x9c\
\xfdx\x0c\xfa\xa7 \x00?\xac8\xde\x14\xc6\xcfv\xb5\
\xe1\xef_>\x8a7\xf7\xb5!\x14\xb5\xf6\xba\x12\x93>\
\xe5\xd6\xe6\x17_|\xb1\x99\xae\x85\xeb\xd6\xad\x9b\xd3\xde\
;\xb0\xfaX\x95z\xdb\xd1\xe3\xcd3\xec\xb6\xd3XX\
\x9c\x8de\x0b3\xb0\xa0\xc8A/@\xda\x8e\xc0q\xca\
\x13H\x0a\xb9\x22\x05/\xbb\x03\xaf\x14\xcf(~\xa8n\
D5M\x10\x0d\x14\xc4\xd4\xd6\xe6\xb0\x88]\xab\xad\xa5\
\x035\x9f\xd7\xa0\xe6d\xb5\xf8C\x90\xcb\x1e\xc1\xf5e\
\xb9d\x15\xee-f\x22\x95,hh\xf5\xe3\xe3\x9a>\
\xec\xad\xacB\xe7 `5\xcb>Ur\xbe\x93\x9e\xec\
\xd8>o^\xf1\xff>\xf9\xe4\x93\xe4G1\xd3\xc4@\
\xda\xf0\xc8\x13W\xb7\xb44\xaf\x0a)\xea]\xd1\xa82\
\xc9i\x0f\xa1\xac4\x1b+J\xd30w\x9a\x1bv\x0b\
Y\xc9D+G\xe6\xe6\x1c\xa3\x92+h\x01\xaa\xa9\xc0\
B\xd4\x9d<\x87\xb3\x0da\xbc\xf0~3*\xc8=\x97\
\xce\x9e\x84{\xffm\x0fr\xf2g``\xb0\x1f\x83\x83\
}H\xb4D\xb1\xb0\xd0\x8d\xf29n\xcc/L\x85\x8d\
\xac\xcf/\xc0\x8d=~\xec\xaf\xea\xc5\xde\x13\xddh\xec\
\x0fCV\xcd\x01\xab\xc5\xbc\xdbf\xb1\xbeYT4\xed\
\xbdM\x9b6\xd1\xbb\xf0h\x8c\xa7\xc80\x9ey\xe6\x19\
\xf3\xa9\xda\xd6%\xfe!\xef\xf7\x94 VE\x94\x80;\
1Q\xc1\xd2y\xa4\xd4\x82t\xcc\xba\xdc\x05\xb3<D\
\x09\x94\x14 \x0b\x19`\xab\xd5\xd5\x90\x22\x8da<\xff\
~\x13*V\x16`y\xc9d\xdc\xfb/{a\xb6\xc8\
(!\xa1\x97\xccvc\xc9L\x17\x12(\x18\xa3\x92\x8c\
\xb6\xbe\x10\xf6U\xb7cOe\x17\x9a:h\x0c+\xc7\
\xae\xfc\x07\x9b%\xfa&\xb5xm\xe7\xce\x9d\x01}\xf8\
qq^E\xe2\xb1\xe6\x9eu\xb7z<\xfdwD\x22\
\xf2M\xaa\x12J\xcaH\x8bbi\xe9$\x5c5?\x03\
S\x0b\x92 \xd3\xbb\xb7L:\xb1]\xeaNv\x93E\
\xa2\xf8)e\xa6\xef\x7f\xab\x00\xab\x16e\xa2\xae\xcd+\
\xfe\x12\x95b\xd3\xd2}\x87G\xc5\xc1\xeaN\x1c8\xd1\
\x83\x93\xad\x01\xb2\x86%,[\xcc\x07l\xe6\xe8\x8e\xec\
\x8c\x8c7_z\xe9\xa5.m\xe6\x0b\xe3K)b\x80\
-U}\xea\xcc-\xde`p\xb5\x1a\x91W\x92R\x8e\
\x9c43\x96/\xcaB\xf9\x82\x0c\xe4\xe7\xda\xd0T\xd3\
\x85\x86z\x05?\xd9U\x8f\x0d+\xf3\xf1m\xaa\xe3\xd9\
z\xf8O\x13';\xf0\x09\xb9MU\xa3\x87\xe2LV\
l\x92\xa3Z\xb6\xca[\x13\xed\xd2\xab\xdb\xb6m\xbbh\
\xe1c\xf1\x95\x14\x89\xc5SO=\x95\xd2\xd2\xd9~W\
\x9f7xg4\xa8\x5c)E\x83\x96\xfcl\x07\x8a\xf2\
\x13\xe0J2\xe3\x8d\x8f\xba\xf1\xdd\xeb.\x83;E&\
\x9fo\xc3\x89\x06\x0f\xbcQ\x1b\x05\xadT\x99(\xdb\xde\
\xca\xceN\xdd\xbey\xf3\xe6\xd3\xfap_\x19_[\x91\
X<\xf4\xd0C\xe9\xed]}\xb7\xf9\x22\xca\x9dj0\
x5e09B\x0e#\xd3\xbb\x86D\xe7l\xd9f\
o\xa0}\xfbu\xab$\xffr\xe7\xcem\xb5z\xb7K\
\x82K\xaaH,\x1ey\xe4\x87\xee\xe6\xf6\xb3\xab\x95h\
\xf4vE\x92\x0egg\xe5\xbc\x9e\x9b\xe9:~\xa9\xff\
W\xd0_\xf1\x97\x8a\xb1o\xf1\x1a.#>G\x9cI\
\x5cB\xe4v\xadDm\xc7\xbbx<L|\x80\xb8\x9f\
\xe8\xe7\x82\xff\x0f\xd4\x13\xa7\x10\x13\x89'\x89\x19\xc4/\
\x8b\xab\x89\xaf\x10\xcf\x17\x8b\xff\xa5_\xbf\x16&\xb2\x08\
\xe3q\xe2\xaf\x88\x9c\xd7\xef\x22\xf2\xfft[E,!\
\xdeA,%\x1e\x22\xfe\x1d\x91-\x97I42\x11\xb7\
[C\xbc\x81\xc8\xa7\xc0\x0f\x88\xcf\x10\xdb\xf5\xe7g\x89\
\x87\x89w\x12\xef'\xba\x88\xfc\xd2\xc3\x87\xee\x07\x89<\
\x1e[\xb0\x87\xc8\xf3\xddG\xbc\x9d\x18$\xf2\x18\xc6G\
\x86\x8b\x02[\x84\x15\xf8[\xe2\xdbD\x9e\x84\x07\xfc\x90\
H\xe7j\x94\x13\x7f\xa4\x971\xb6\x12\xa7\x11y\xe2\xdf\
r\x01\xe1f\x22[\x84\xc1W\xb6\x10\xe3c\x22\xbb/\
\x83\xef\x0d\xb0r\xd9\xc4T\xe2\x1e. \xf0\xdc<&\
{\x04\x8f?.F\x0eH\xe3\xa3\x85\xf8\x06\xf1\x16\xa2\
q\xbe>H\xe4C\xdb^b\x19\xf1\x08\x91QGd\
\xc1YX\xe3\xff)\x8e}\xb5\x9c\x18,<\x0bK'\
-\xd1\x8f\x17\x8b\x95z\x99\xf8:q=\xb1\x818.\
.F\x11\xe6D8E4V\xd6F\xe4\x89\x98\xe9\x5c\
@`a\x0c\x18\xc21b\xcb'\xebW\xae\xe7\xc5\xd2\
\xbezhWv-^0v\xe3\xa9D\xf6\x90q1\
Q\x8c\xf0\xe0\x1b\x89\x95\xc4\xcf\xb9@\xc7Z\xe2\x02\xe2\
\x0e\x22O\xca\x99l5\x91\x05\x9fD\xdcLl#>\
J\xbc\x82\x98\xaf_\xb7\x13\x93\x88O\x13\x9d\xc4\xc5\xc4\
3\xc4\x1a\xe2\xb7\x89s\x88\xec\xfb\x8d\xc4\xdb\x88,\xf8\
1\x22g;v\xe5>\x22\xbb\xd5.\x22[\xec\xcf\x06\
\xcel\xf1`W\x89\xc7x\xed\x18\xb1\xe5l-\xc3*\
\x0c\xbeg\xabO\xd4\x97\x00\xfc\x1f\xc9b\xa2u\xe4\xdb\
M'\x00\x00\x00\x00IEND\xaeB`\x82\
\x00\x00\x09/\
\x89\
PNG\x0d\x0a\x1a\x0a\x00\x00\x00\x0dIHDR\x00\
\x00\x00F\x00\x00\x00A\x08\x06\x00\x00\x00l+\xd2<\
\x00\x00\x00\x01sRGB\x00\xae\xce\x1c\xe9\x00\x00\x00\
\x04gAMA\x00\x00\xb1\x8f\x0b\xfca\x05\x00\x00\x00\
\x09pHYs\x00\x00\x0e\xc2\x00\x00\x0e\xc2\x01\x15(\
J\x80\x00\x00\x08\xc4IDATx^\xed\x9b\x0fp\
T\xc5\x1d\xc7\x7f\xfb\xee\x12\xf2O\x120 \xda\x90\xf0\
\xcfP)t\xb40\x03\x15j\xec\x98c\x8e\x04\x19\xe5\
\x92\xb6\xdaX-\xad8\x05\xa7\xe8\xb4\xd2\x0e\xa5\x15\xda\
\xa68\x16\xff\x0c\x8e\xda\x19l\xb5\xc2\xd4\xc6\x10\xc0\x0a\
\xd1\xc9\x05\x95)3\x8a\x10-El*D,T@\
\xd4\xa9&\xa1\xe4r\xb9\xdb\xfe\xbe\xfbv\xc9\x91\xdc\x91\
\xdc\xbb\x84\x81\xf4}f~\xb7\xfb\xdb}o\xf7\xb7\xbf\
\xfd\xf3\xfe\xec;rqqqqqqqqq\xf9\
\xbf@\xe8\xb0_\x94\xce\x0f\xdc@Q\xfa\x86\x10\x94\xa6\
\x93\x06\x1f\xc9FZ\x9e\xbf4l{~\xab\xdf\xff\xed\
\xe1\x11O\xe8\xe7\x9cx\xa9\xce\x05^\x96\x90\x94\xb2\xc5\
\x12\x9e`\xa8\xfd\xe4\xbe\x9d;wv\xd9Y\xceI\xca\
1\xbe\xb2\xc0\xc7$D\xbeV\xcf\x1b\xec\x9bP\xb8=\
;/-\xfb\xd4\x0a\xee\x14vLb\xa4\xa4fa\xc9\
e\xc1mu\x0d:\xc9\x11\xc9\x8d\x98\xb2\x8aSlX\
\x96\xd7\xeb\xa5\xcc\xcc\x0c\x9d:x\x84B\x9d\xd4\xd9\xd9\
i+\x9d\x199\x94vz5w\xcc\x8f\xa0z\xd33\
\xd8\x09\x92\x22\xe1\x90\xca>\x0b)\xa3R\x88\xe5\x8d\xdb\
7=\xa4S\x92\xc6\x91c\xbe6{\x16\xadX~\x8f\
N\x1d<\x9e\xd9\xf0g\xaa\xd9\xb4\xd5Vz8fz\
\xc5\x12\x0a\xb5\xb7\xd2;/oT\xd9\x81\x9bo\xa4H\
$B\xdb\xea\x1b\xa8\xabK\xcd$\x19\x8dF\xabv\xbc\
\xb4\xf9O\xea\x80$\xb1t\x98\x14\x82\xbd\xe3\xf1x\x06\
],+q\xbf\x09a);\x0c\xa3\xf3/\xa5%\x8b\
\xbfK\xd5\xabVPzz:\x92\xf8\x10\xf1\xa8\xcf\xe7\
\xcbV\x07$\x89#\xc7\x5c\xc8\x5cs\xf54\xba\xbd\xea\
\x9b*.H\x8c\x8a\xa6\xe7~G)I2\xe4\x1c\x03\
\xca\xe7\xf9(++S\xc5\x85\x94w!PJ\x12\x0c\
I\xc7def\xd2\xdc\xd2\xaf\xab8O\xb7/\x97\xce\
\x0bLWJ\x12\x0cI\xc7\x80\xf9<j\xf4\x1a\x84\xb5\
\xe6>\x95\x98\x04C\xc61\xaf\xbc\xb6\x8b\xb6\xbc\xb0\x9d\
\x0e\xb5\x1c&\xbe\x1a\xd1\xd8\x82\x02\x9a:\xe5\x8b:W\
.\xf0\xfb+Fi\xa5_\x5c\xd4\x8e\xf1\xa4\xa9\xab\x8f\
\xe2\x9f\x07\x0f\xd1\x93\xeb\x9f\xa1%\xcb\x96S\xc5-\x8b\
\xe8\xfe_=@\x19\x19\xc3t\xae\xc8\xe8\xb2\xe4\x22\xad\
\xf4\x8b\x8b\xda1\xc3rri\xe2W\xfd\x94w\xc58\
u\xc3gh?u\x8a\xdex\xb3\x89\xf64\xfdM\xa7\
`>\xd1\xa2\x92\x92\x12<>\xf4\x8b\x8b~*\xe5\x8f\
\x9fB\x93\xaf_H_Yx\x17M+\xbb\x8d\x0a\xaf\
\xb9\x8e\xf2\xbe0\xe1,G\xd9\x88b\xafwD\xaeV\
\xfad\xc8\xac1\xfc\xa0IYy\xa3\xe8\xf2\xabf\xd0\
\xe4\x92\x9bhz\xe0\x074u^\x15\x8d,,\xd6G\
0\x97\xe8\xb0\x1f\x0c\x19\xc7\xf4\x82\xe7N\xf6\x88\xd1\x94\
\x93\x7f\xb9NH\x8e\xa1\xeb\x98\x14q\x1d\x93\x00\xd71\
\x09p\x1d\x93\x00\xd71\x09p\x1d\x93\x00\xd71\x09p\
\xf4j\xf3\xb2\xd1\xa3h\xda\xd4):u\xf0hy\xff\
0\x1d\xfe\xe0\x88\xad\xf4x\xb59\xa3\xf2\xee\xb3\x9e\x95\
\x12q\xbc\xb9\x89\x8e\xbc\xb5S\xc5\xa3i]\xf9;\xb6\
n\xfdT)}\xe0\xc81Z=\x9fH\xea\xfc\xfc\x12\
J\x1b~\xde\x1c\xe3h*a;\x83\xa4\xfc\xa4[\x08\
\x95qro$\xc9\x13\xfc\xf3~JBrc0x\
\xedi]\xa4\xe2\xd3\x7f5\xd3\xbb\xc1\x1a\xdaS\xb3N\
\xc9\x81\x86\xe7\xe8d\xcb~l\x10\xe8#R\xc3\xd1\x88\
\x91Rn\x1a\x91m}\x0bimmm\xde\x88\x95\xfd\
\x07\xee\xc9[\xd5A\xbdy5/K\xf8kkk\xf5\
>\x88s|e\x81\xb5f\xc4$\x22wL\x11\x15_\
\xb7\x80,\xaf\xbd'x~\xa7\x12\x8f\x10\x1e\x09\xef\xd9\
\xa9b8\xa7}\x09\xb1\xbc\xdc\x5c\x9a3{\xa6zK\
\xbf\x9b\x1f\xfb?<v\x5c\x1d\xc1\xb4\xb03O\xea\xb8\
c\xd8\xd8\x22v\xcc\x15Z\xa5\x91#G\xd0\x9ckg\
\x92eY\xf4\xfa\xee\xbd\xf4\xd1Gv\x15\xe9Y9\xe4\
\xf1\xda\xd3\xac\xab\xb3\x83\xc2\x1d\xffU\xf1\xc1sLy\
\xa0]\x90\x88\xbb\x1dQ8\xb6\x80\x1ez`5\xe5\xe6\
\x0eWz8\x1c\xa6\xd5\xd5k\xe9\xcd\xbdo)}\xa0\
\xb9r\xd2\x04z\xb0\xfa\x17\x94\x9dm\x9b\x13\x0a\x85h\
\xe5\xaa5\xb4o\xff\x01\xa5\xc7#\xda\xc1\x8e\xd9\xd1?\
\xc7xt\xd8/\xc6\x17_\xf5\x1f!\x95c>\x80\xf0\
\xa2\x82\x114\x1ay?\x5cz'\x15_9\x11Q\x05\
\xf6\x85&\x17O\xa2\x17^|I\xe9<b\x8e\xb2S\
\xdf\xe6\xa8:\xd7\x89p}\x1d\x5c\x9f\xda\x22\xbe\xef\x9e\
\xa5TT4\x16Q\x05vG\xc7\x8f+\xa4\xfa\x97\x1b\
\xed\x04)?\x97$>\xe6X++\xad\x5c\xf7\xf3\x8d\
\x0d\x9bk\xed\xcc\xbeIj\xc4\xf4\xa4\xb4,\xb0P\x08\
Q\x87\xf8\xfa'\x1e\xa6\xa2\xc2nC\x01F\xcd\x82\x8a\
*\x8aD\xa2p\xcc\x83\x8d\xf5u?\xd1Y\x8e\xf0\x95\
U\xdeAB>\x8d\xf8\xb3\xbf\x7f\x9c\xc6\x5c\xa6\xfa\xe4\
\x0c\xadmmTy\xeb\xf7P\x17\x0b\xadl\xac\xdfT\
\xad\xb3\x92&\xb5\x1b<\x8f\xe7\x98\x8e\xd1\xbe\xbf\xf7\x1e\
\xc2\xcd\xef\x1dRNQHq\xd0\x8e\xa4\x80\x15=S\
\xdf\xfe\x03\xff\xd0\xb1n\x9a\x9b\x0f*\xa7\xd8\xc8\x94\xea\
K\xc91\xdep\xeb\xdbl\x89\xba\x03\xfb\xe3\xc6\x1az\
\xb7Y\xaf\xc7\xcc\xb1\xe3'\xe8\x91u\xbf\xb3\x15)O\
[\x11\xdal+\xce\x19F\xa1]<\x160=\xe8\xa9\
\xa77\xaa\x1d\x01\xc3\x91\xa3\x1f\xd2cO>e+\x92\
>\xcb\xb0B\xdbl\xc5\x19)M%\xe0+\xaf\xa8\xe4\
\xa0\x86E\xe0\xea\x80y\x9e\x9e\x96\xa6\x8c\x0e\xdb\x9b\xeb\
l\xa7\xfcY\xe3\xf6\xba\xdf(%E\xe6\x96\x07\x16\xf1\
\xda\x01\x0f\xa8\xfa&N\x18\xa7\xaeJ\xa8\x0f\x9b\xfa\x0a\
)\x97\x05\xeb\xeb\xd6\xd9\x8a3Rv\x0c\x98[^\xb9\
\x98o\xac\x1e\xe5K\xa9\xbd/\xaa\xe1a\x1d\xe1\x1a\x1e\
f\xa7`m\x89{\x03\xe8\x04\xbe\x9f\xb9W\x0a\xb1\x86\
\x8d7\xfb#\x860\xcf\xa4j^[~\xc9\xf1\x94\xea\
\x1b\x10\xc7\x00\xbf\xff\xe6\x82.\xcb\xb3\x98\xed\x99\xcd\x0e\
\xf2\xf2\x1cm\x92R<\x1b\xac\xaf\xed\xde\xc3\x18@|\
7V\x8c\x97\x11y'\xd75KHi\xb1\x17v\x0b\
\x11\xdd\x10\xdc\xbe\xe5\x1d}\x88\x8b\x8b\x8b\x8b\x8b\x8b\xcb\
\xd0f\xc0\xeec.\x10\xf2X\xae\xb6\xa3\xf4\x9a\x0e\x1d\
\x11\xeb\x981,xrEhn\xca&\xb1\xfc\x9b\xe5\
\x16\xa5]\xf8\xe0\xdb\x8f\xf5,\x05,\xf6Gx\x03\xc4\
*\x96W\xed\xa8\x02\xdfj\xc5\xea\x17\x03\xdfgI\xd9\
\xe6\xbe\x9e\xae\x9bY\xf0\x90h\x18\xc7r=\x0bF\x95\
\x01C\x17i\xe8-\x8c0\xc41\xa4\x11\xc2\xb1\xf8\x8a\
i\x0e\x0b\xce\xed\x09z\x16y9J\xeb\x06\xe7\xcc`\
A\x19\xb1\xff]@\x1d\x89\xcaB]\xc6\x8e\x9e\xc4\xda\
c0mAh\xf2\x11*\xce\xe5\x18\x1c\xf4[\x96O\
\x94F\xb4\x81\x05\x0f\x830\x14=\x82\x82\x00\x1a\x01\x1d\
=u?K\x90\xa5\x83e)\xcbc,\x8f\xb0\x04X\
\xf0\x02\xc5\xcc\x7f\x80\xf2p\x0e\x9c\xbcG\x87\x00\xc6\xa3\
\x0c\xe8\xb7\xb3\xc0\x06P\xca\xb2\x85\x05va\xbaT\xb1\
\x00\xd4\x8f7s\xf8\x9e\x17\x0e^\xc6\x12K\x05\xcb\x8b\
,8\x0f\xb6\xfc\x94\x05\xc0F\x94\xbd\x86\x05v?\xc7\
\x12k\xdfY`*\xe1%\x07\xc2\xd7Y\xd4\xdb2f\
>K\xec\x8b\x1f\xfc\x91\x00\x0d3\xe0I\xd6\x18\x8a\x9e\
\x06(c?\x8b\xf9\xee\x0d\xce[iG\x09;\x0cx\
\xcdi@\x83\x8d\xc1p\xd2MvT5\xd4\xf42\xde\
\xc3\x18\xc3\x91o\xec\xb9\x9b\x05\xe7\x18\xa0\x9b\xa9\x04g\
\x84Y\xa6*\xcdv6\xca16\xa1}\xa6\x1d\x18\xbd\
\xe7\x1c1x\xbf\x8aFa\x0a\x99\xd12\x93\xe5\x0d;\
\xaa\xc0\xe2l\x8c7\x98\xfc\xbd:\x04\x88\x9b\xff\x0e\xa1\
\x5cc\x10>HF\x8f\xa1\x1e\x08\xe28\x0e\x8e@\xe3\
\x0f\xb1\x80v\x16Lg8\x07y\xa8\x13\xc7\x97\xb0\xe0\
\xa2\x00`\xdb.;\xaa\xc09\x06t\x12t\xf3\xc4}\
\x82\x056\x98\xd1\x0eZt\x88\xf2>\xb3\xa3\xe7\x9eJ\
8\xd0|8\x0c\xa3\xcexS\x83\xc6\xc4\x92\xec\x9f\xa7\
\xd0x\xe3\x18\x5c\xf5\xd6\xb2\x00\x18\xde\xb3l\xa4a\xed\
\xf85\x0b\x8e\xbf\x97\xc5\x5cu0\xb5\xe3\xad+\x00v\
Cb\xf3\xd1\xf8\x9e\xe5\xf7\xa2\xaf\xc5\xd7\xd0\xc42\x8b\
\xc5\xf48z\x22\xb6\x97@\xbc?x\xc5K\x03\xfbX\
\xd0k0\x1a`\x01\xc4\xa8@\xef\xc2a\xb1\xeb\x17\xea\
\xc2hC\x830\xa5Al\xafc\xf4\xc26\xd3\xf8\x1b\
t\x08\x90\x87\x0e3\xd3\x1b\x17\x07\xd8\x94\xd4;\x22\xcc\
?\xccMl\x85\xfa\x91\x10\x03\x0c\xc1\x5c\xc4\x5c\xfe1\
\x0b\x163\xb3X\xe2X\xac1Xh\x0dh0\x16P\
\xec\xb8\xa1\xc10\xe8(\x0b\xca\xc7y(\x0f\x8b\x1d\xd6\
3\x94\x15[\x1e\x16Y\x9c\x87\x05\x15{/\xb8\x0a\x01\
\xacKHG\xda_Y\xccT\xc6yX\xd8\xb1\xe6`\
\xcd\xc0b\x8a\xba\xcczt\x07\x0bt\x8c4\x94i\xca\
\x83M8\x07e\x99\xba\x1d\x83^1\xbd<\x10\xa0\xac\
\x9eS\xd4\x10\xef\x92\x0c\xb0H\xc6\xc34\x0ee\xc6k\
h\xca\x8dwqI\x04\xd1\xff\x00\xf9U\xb9\xdd \x07\
\xa3\x96\x00\x00\x00\x00IEND\xaeB`\x82\
\x00\x00\x08\xf1\
\x89\
PNG\x0d\x0a\x1a\x0a\x00\x00\x00\x0dIHDR\x00\
\x00\x008\x00\x00\x00A\x08\x06\x00\x00\x00\x84\xabg\x17\
\x00\x00\x00\x01sRGB\x00\xae\xce\x1c\xe9\x00\x00\x00\
\x04gAMA\x00\x00\xb1\x8f\x0b\xfca\x05\x00\x00\x00\
\x09pHYs\x00\x00\x0e\xc3\x00\x00\x0e\xc3\x01\xc7o\
\xa8d\x00\x00\x08\x86IDAThC\xed\x9a\x09p\
U\xd5\x19\xc7\xff\xe7\xbe%oI !\x81\x00\x95,\
\x0c\xb6R  \x01%@V\xc1\x19hGpa\x14\
\xc7.,\x19\x97\x88-\xcb\x0c\x8bv\xa6\xad\xa4\xc0D\
\x07ZE\x09\xc1\x81\xda\x11+\x8bJ\x0dU\xa8\x09\x06\
Y\x9b\x04\x10$\x9a&\x06B\x82\xb5\x13!\xebK\xf2\
\xd6\xdb\xef\xdcw^\xd3\x98\x97\xf7^\xc8\xbb$\xed\xbc\
\xdf\xcc\x7f\xee=\xe7\xde\xe4\xde\xff=\xdf\xf9\xee9\xe7\
>\x84\x08\x11\x22D\x88\x10\xbd\xc3\xc4\xb6\x8f\xa4k\xef\
H\xbc9^\x82\x1c\xc7\x98\x1c&*\xd5\xc3\xc9d@\
n\xd4\xe9\xac\x97\xab\xab\xab\x1bDm@\xf4\xc9`|\
\xfc\xe4H\x99\xd9\xd7\xd0n6cl\x04\x18\x03\xd3h\
\xdc\x07UD\x96\xc9\x9f\xd3\xc9w]2\xe4\x12Yf\
\x9b\xeb\xae^>\xaa\x1c\xf4C\xc0\x06\xc7\x8c\xfd\xe1l\
If\xefh\xa2\xa2G\x9b\xe7\xcc\x83a\xeathc\
G\x01\x92$\xceP\x17\x97\xc5\x02[u%\xda\x8f\x17\
\xa1\xf3\x5c)\x99v\xeda\xae\xb6\xa7kkk;\xc5\
)^\x09\xc8\xe0\x98\xc4\xf1\xa9\x12\xa4\x8f\x8c3\xd3L\
\x91?\xc9\x063\x1a\xc5\x11z\xbav;d\x87\x9d\x9e\
\xb0K\xd4\x04\x11\x8a\x10\xc9dR\xb6\xff\x8d\xb5\xe2\x12\
\x1a_\xdf\x0agk\xcbG\xc3\x87\x19\x1e(//\xa7\
\x1b\xf0\x8e_\x83qq\x93\xa2\x98\xc6u\xd983}\
T\xd4\xf2\x1cw\x8bQ\xc8\xd8kk`)>\x0a\xd9\
ju\xdf\x84\x0a\xa1\xcat:D,|\x14,\xacg\
7w\xd4_CC\xee\x0b\x90;,\x1bk\xafT\xfc\
JT\xf7\xc0\xaf\xc1\xf8\xf8\x09\x9b51\xd1kG\xfc\
n\x1b\x98\x81Z\x8e\xfaBk\xe1\xbb\xf4\x8f;\x10>\
\x7f\x01\xa4!C\xc5\x99\xb7\x9f\xf6O>F\xd3\x9e\xd7\
\xdb\x9dZ\xdd\xf7\xeb\xab>\xbb.\xaa\xbb\xe1\xb3\x03%\
''\xeb\xe8\x8c\xe5\xe6\xfb\x7f\xe46G-\xd7Zx\
\x10\x9a\x98\x11\x18\xf2\xd8O\x07\xd4\x1c\xc7\x94\x9a\x09\xcd\
\xb0\x18\x13\xb3\xdb\x9f\x10U=\xf0i\xb0\xa1\xc16\x89\
6\xd1\x86\xa9\xf7(e\xfb\xd5\xaf\x94\x904\xcdJW\
\xca\x03\x0eu\x0b\xc3\xe4d2\xc1\xe6\x88\x9a\x1e\xf84\
\xc8\xb4r<\xff'\xda\xe1\xb1J\xd9Rt\x04\xe1\xf3\
\x16(\xfb\x83\x05\xed\xa8\xd1t\xa3\xf2XQ\xec\x81\x9f\
\x1c\xef20\x9d\x9e\xfe\x01\xa3li\xa3l\xe9\x80\x14\
1D\x1c\x1b\x1c0=O@\xcc\xe0.\xf5\xc4\x8f\xc1\
.\x94l\x19\x11!J\xfd\xc0\xe5D\xd3\xaby\x94\x81\
\x8f\xc0y\xe3[Q\xa9\x1e\x81\x1b\xa4\xd6cZ\x9d(\
\xdd:\xb2\xcb\x85$\xb3\x84]\xf3\xefFF\xe9\x87\x90\
vmC{\xc9\xc7p57\x893\x82K\xc0\x06\x83\
\x09\xa3wir\xf2$lzq\x0d\x8a\x0b6\xe2\xf7\
\xa9wbf\xc9\xbbp\xec\xdc\x86\x8e\xd3\x9f*\xaf \
\xff\xd0\xf0-\x00T7\xe8\xfc\xb6\x01\x9deg\xbbT\
^Joie\x5c\xa9\xa0\xd5j\x90\x9az\x0f^\xda\
\xb2\x1e\xc7\x0b~\x8b\xf5\x89f\xe5=\xeb\x0b\x9e\x0f\x9a\
v\xe7\x8b\x92oT7\xd8Qv\x06\xce\x9b\xbc\xaf\xf1\
'\xce\x07\xcd\x0e\xdax\x7f\xfaz\xbd\x0ei\xa9\xd3\xa9\
\x9f\xfa\x1f\xf6\x05:\xc8W?Di\xac\x146q2\
\x0c\xd3f\xb8E\x83th\xfawY\x9e\x0bLiY\
\xa2\xe4\x1bU\x0cv\x9c8\x06\xcb\xfb\xfb\x94PR\x03\
\xd9fC\xdb\x91BQ\xf2M\xf0\x0dR\xf8}\xef\xd2\
\x19lz`\x06:\xf6\xec\x80..q@\x87t\xc1\
7H\x83\x82\xfa\xf1\xd3Pr\xa2\x0c/?\xf9\x08\x5c\
'\x8a\x94YAP\xa1,\xac\x8d\x19.\x0a\xbeQ%\
DM\x19sq4,\x16\x07\x0a\x8b\x90\xf7\xe4\x22X\
\xff\x98\x0f\xb93\x90\xd4\x1f\x18\xca4\xea\xe1\xc7E\xc9\
7A1\xd8\xfe\xc1A\x84\xbd\xb6\x99\xb4\x05\xfa\x1dy\
\xd0\x92\x22\xce\x9f\xc2\xc5s\x97p\xa4\xe8$\xb6\xaeX\
\x0c\xeb\x9bd\x92\x06\x0b\x1el6;\xea\xea\xff)J\
}\x83O\xb0[\xf6\xbf%J\xbe\xe9\xbfA\xeas\xa3\
\xaeU\xe2\xfd]\x9bq\xe8\x0d\xd2\xce\x5c\xfc%\x7f\xa3\
\xa2\xc3\x07\xf3\xf1\xfc\xaal\xccN\x9e\x88\x87\xef\xbe\xb3\
\xdb\xd0,\xbf`/\xe6\xaf\xdc\x82s\xe7?\x175}\
\xc0\xe9\x12\xaf\x1e\xff\xf4\xdf \xf5\xb9o&\xa7 s\
\xe9zd,Y\xa7l\xb3\x96m@\xd6\xd2\x0dH\x9b\
\xf38\xfeP\xf06\x8e\x9d\xb9\x80}\xe7\xab\xbb\xf5\x9b\
i4\x92I\x89\x8d@B\xc2\x1d\xa2F\x1d\x82\x12\xa2\
\xc6\xd9\x990<\xbb\xb6\x9b\x5c\x13\xa6`\xc1C\xf3\x90\
2=\x09\xabv\xec\x87i\xc9\xd3\xdd\x965RfL\
\xc5\xceW_\xc4\xb0\xa8HQ\xa3\x0e\xaa$\x19\xcb\xd1\
\xc3xd\xa8\x8c\xb4\x94\xa9X\x95\x7f\x00\xe6%\xcfP\
b\xa0i\xd7\x00\x10|\x83\xd4'\xc7|u\x11S\x92\
\xee\xc2\xca\xfc\x83\x08_\xca\xcd\x05\xf95\xd1\x07\x82o\
\x90\xfa\xe4\xf5\xa4\x14\xac/<\x8b\x88e94\x15*\
\x86\xe3\x9b\xaf\xc5\xc1\xdb\x8f*!j\x9c\x95\x81\x88\x07\
\x1f\xa51\xa3\x96R:\x0d\xd7\x02\x18<\xab\x85*\x06\
\x07\x13\xaa\x1b\x94\x0cF4\xff\xf9M4n\x7f\xd9\xad\
\x9d\xaf(\xab\xe1\xdehm\xb5\xe0\x93\x92\xb3|\x92(\
j\xfa\x8f\xea\x06M\xe9s\x10\xbdj\x03\xa2rV\xbb\
\xf5\xcc\xcan+\xd5\x16K;\x8a\x8f\x9d\xc2sk7\
\xe1\xbe\x15\xb9\xd8r\xdd\x8e\x88\x1f?(\x8e\xf6\x9f\x01\
\x09Q;\x0d\xd3N\x9e*\xc3\xea\xe7\xf30\xf7\xd9\x5c\
\xac)\xadGY\xd6\x22\xe8\xb3\x7f\x01\xe3\xf4\x14z\x00\
\xbd.\x92\xf5\x99\xc0\x0d\xf2E\xfe^f\xe2}\x81\xaf\
\xc7T8\xf5Xq\xbc\x0a\xa7S\x17BZ\xfe\x9c\xb2\
\x90,\x85\xf7e\xc5\x8e\xee\xe3;\x1fdz#`\x83\
\x92\xde\x00WG\xbb(\xf5\x03I\x83\xc8\xa7~\x09S\
j\xd6-\xaf\xb1\xba\xda-\x90LfQ\xf2\x8do\x83\
\xfc\xcb\xaah5\xa6\xd7\xc3ei\x0bJ+\xf6\x17\xfb\
\xd5\x1a\xe8\x12\xc7)\xfb\xca\xc7QY\xee\xf5=\xe4\xd3\
 EA\xa3l\xb3\x82\x8b\x8f#\xf5c\xc7\xc1V\xf5\
\xa58:@\x90!\xbe\xb4hL\xbeW)\xbaZZ\
\xf8\xe6\xa6R\xf0\x82O\x83\x0e\x9d\xf6s\xfe\x88l\xd5\
\xffP\xca\xa6\xcc\xfb\xd1\xf6\xd7CA\x9d\xbc\xf6\x95\x8e\
S\xc7\xa1\x1f\xf7\x030\x83;\x11\xd9\xab+y~\xb8\
\xa0\x14\xbc\xe0\xd3 \xff\xe6F1z\xb6\xfd\xd3b\xa5\
,\x19M\xca\x08\xa5q\xd7vzr\xcdJ\xddm\x83\
\xb7\x1c\x99\xb3\x92!\xf3\xdc\xf9J\x15\x9f_vV\x5c\
\xa4\xf8d\x07\x94\x0a/\xf8]\x5c\x8c\x8a\x1c\xde`\xff\
\xba~q\xd8\x84$\xfe-\x0e\x9a\xc8(\xe8\x12\xc6\xa2\
\xf9\xad\xddt\x81\x06\xa5\xb3+i\x9dg5w\x7f\x08\
\x9eh\x88'\xb7\xb5\xc2\xfae\x05Z\xdf{\x07\xccl\
\xc6\x90\x87\x16\xff\xe7ZMo\xbc\x06\xc7\xf5\xba/\xae\
]\x89Y\x0d\xd4z\xed\x87\x01\xe5\xda\xf8\xc4\x09\xfb4\
Q\xc3\x16E\xaf\xfb\x8d\xfb\x87\x07\x1c\xba\x80\xad\xa6\x1a\
\xd6\xcf\xca\xe1h\xf8\x17\xc5s\xaf\x9f\xc9o\x1d2\x22\
\x99\xc3\x95\x84\xa2\xbc\x1f)\x82\x14\xe8\xda\xdcp\xcb\xa1\
\xfdvH,\xf3Z\xcd\xe5\x93\xee\x03=\x09\xc8`l\
l\x929\xcc\xe48\xac1G\xa4\x0f}b\x19\x8c\xf7\
\xce\xa2x\x0d\xf8\x0d\x13T\x9c\x8d7\xd0\xbcw\x0f:\
\xfe~\xcaN\xfe\x7f^{\xa5b\xaf8\xe4\x95\xc0\xde\
\x96D||\xbcAf\xe1\xb9\xb4\x9b\xa3\x8b\x1d\x19\x16\
6%\x19\xda\x91\xa3\xc5\xf79\x95\xa1^\xc6\xfb\xbc\xad\
\xaa\x12\xd6K\x17d\x97\xd3^)3d\xd7\xd5T\x9c\
\x10g\xf4J\xc0\x06=\xc4\xc5%%\xca\xcc\xfe3\x89\
I\xf7\xd1\x95\x13)\x8c\xba~S\xa2\x12\x94\xc8\x9dt\
\xa77 \xb3\xf3Lf\xfb\x13\x12\xa2?())\xe9\
Z\xa2\x0b\x11\x22D\x88\xff\x07\xee\x22\xfd\x89\xf4\x0a\xe9\
\x0b\xd2{$\x7f\xac\x13\xfa\x9f\xa0\x8e\xe4\x9e\xc3\x00|\
=\x9e\x9b\xf4\xc7B\xa1AO\x02\x89\x06\x8f\x8a1o\
\xf0U\xa4i\xa4\xd9$\xcfz\xc4HR\x06\x89\xb7<\
\x87oy\x99\xaf\xe5\xf3\xff\xc3\xf7\x83\xb7v\x11\x04J\
I\xa7I\x9e\x1b\xf6\xc0[\x88\xd7?Ez\x9b\xf4!\
\x89\xc3\x8d\xfc\x8d\xb4[)\xb9[\xbf\x91\xb4\x95T@\
j%\xf1\x077h\x88!\xf1\x1b\xe3\xa3\xeeM$\xcf\
\xda\xdf\x14\xd2D\xf7\xaeb\x82\xb7\xb4\x87_\x93<\x06\
9WH/\xb8w\x95\xbf\x19T-\xe8a\x06\x89\x7f\
\xd9\xe4f=\xf0\x1b\xe5\xbf\x08\xe4\x86\xfc\x19\xec\xf5\x97\
\x83\xb7\x82\x1aS\x823\xa4\x15\xa4\xc7\x94RW\x88\xf2\
\x90\xf4;8&\x82:\xc6\x0c\x96A\x9e\x10\xbe\xdbb\
\xf5\xee]\xe4\x90\xb6\x93\xf8\xac;\x90\x90\xe3\xa1>\xe8\
\xe0a\xc9_\x13<\xdc\xf2H\xc7H<crx\x9f\
\xaa\x22\xf1c\xfc\x97\xb9<D\x97\x93x\x16\xe5\x89\x89\
\x1f\xe3\xfb<\xcb\xf2\xc4\xc2\x13Q8iP\xc2o\xcc\
[\x0b\xf0\xf0\x0c\xde\x07\x87\x80\x01\xfe\x0d\x12:\xf5?\
\xbd\x02\xb2\x08\x00\x00\x00\x00IEND\xaeB`\x82\
\
\x00\x00\x0d\xdb\
\x89\
PNG\x0d\x0a\x1a\x0a\x00\x00\x00\x0dIHDR\x00\
\x00\x002\x00\x00\x00;\x08\x06\x00\x00\x0090\xd9y\
\x00\x00\x00\x01sRGB\x00\xae\xce\x1c\xe9\x00\x00\x00\
\x04gAMA\x00\x00\xb1\x8f\x0b\xfca\x05\x00\x00\x00\
\x09pHYs\x00\x00\x0e\xc2\x00\x00\x0e\xc2\x01\x15(\
J\x80\x00\x00\x0dpIDAThC\xed\x9a\x0bp\
T\xe5\x15\x80\xcf\xdd{\xf7\xee{\xb3yl\xd8\x84\xb0\
D@\x02\xe1\x15\x08\xa8T\x9e\xad\xa8UF|a\xab\
`\xc1\xa9\x93\xe2\x03\xd1\xb1Nm\xabM\xb1\x0f\xa7c\
\xa7\x8e\xa3\x96B\xa7*Z+\x952\xed\xc4W\xa7\xf8\
JE\xa5\x06*\x04\x08 \x09\x04B\x00\x09ylv\
7\xbb{\x9f=\xe7\xe6\xded7\xfb\xc8nBg\xea\
L\xbf\xcc\x99\xbd\xff\xbf\xf7\xde\xff?\xe7?\xe7\xfc\x8f\
,\x03\xff\x1d\x98\xf5\xeb\xd7\xf3\xe7bvkW$\xc4\
Q\x85\xc3\x1c\x11|\x1c\x17\xdd\xb2e\x8b\xa8\xddq\x91\
\xb9h\x8a\xd4\xd4\xd4\xda\x9b\x03\xed\xd51Q\xbeRV\
\xe4\xb9\x92\xacxU\x00\x1b6\xc0\xd2\xf7\x8a\xaa\x8a&\
\x86\x89\x989\xf64gb\xf7[\xcc\xdc\x87WV\x94\
\xec\xdb\xb8q\xa3\xa4\xbd`\x94\x8cJ\x91\xe555\xf6\
`\x10\xfc\x92 \xac\x16Dy\xb5,+%X\xcd\xe2\
[M\xf8\x99\xee\xdd*\xfe)\xf8\xad\xc4\x9a\xe0\x08\xcf\
s\xafp\x22\xec\xb0\xf9\xddg\xff\xfe\xec\xb31\xfd\x9e\
\x9c\x19\x91\x22\xb7>\xf4\x90\xed\xcc\xc9\xee\xa5\x92\xa2\xdc\
\xa9H\xca7\x15P\xf3\xf4\xafF\x04\xc30\xa7\xcd,\
\xbb\x93\xe3L[\xd9\x0e\xff\xc7\xf5\xf5\xb9\x8fR\xce\x8a\
,^\xb3\xc6#\x04\xd4\xe7\x04I^\x8e\xae3*\x05\
\x92`\x98\x0bV3\xb7)V\xc4\xfflo\x8e\xb1\x94\
\xb5\x22\xd555f{G\xdf\xc2\x98\xc2\xfc\x16\xfd\xbf\
B\xaf\xce\x02TW#{\x9bqfv\x97\x8dc\xd6\
/\xa9,o\xc4\x18R\xf4\xea\x8ch\x81\x98\x0d\xe5\xfe\
\x19\xeb\xa2\x92\xbcIQ\xd4qzUjT\x0c\x81X\
\x18 \xdc\x05*\x8a\x12\xee\x01\x88\x04@\x8d\x06\x01\xc4\
(\x1a\x1d\x9bd\xcd\xfa\xcd\xa9\xa16$I\xb9\xe6t\
g\xb8\xed\xd4\xe1\xcf\x0f\xeb\xd5\x19\x19\xd6L4\x12\xf9\
}\xcc\x86\xae\x9e\xd0/\xb0\xc8\xf7\xd7\xa6A\x96@\xe9\
i\x075\x82\x9dF\x85\x06G\xc3\x00\x9bc0\x13\xd8\
=\xc0x|\x00&-3\xa7GU\xa3yNG\xcd\
\xa2)\xa5\xaf\x0e72\x19Gd\xe5\xca\x95|8\xc8\
\xdc\x1b\x0c\xc7~\x8e\xed[\xf5\xea\xd4\xa0\xb5\x95\xce\x93\
h\xf9\x10\x16\x86*\x10\x0f\x8e\x98\x18\x01\x90b\xc0X\
]\xa8\x18%\xb840\x0c'H\xe2\xfc\xd3\x17\x82\x07\
N\x1d\xdew\x5c\xafMI\x86\xb7\x00\x5c`\x5cW\x88\
\xb2\x5c\x8bJ\xd8\xf5\xaa\xd4\xa0\xf5\x95P'\xa8\x02v\
0K\xc8\xd54w\x1b\x06|\xb5/\x22\x8a[\xae\xba\
\xfd{\x93\xf4\xaa\x94\xa4u\xad\xc5\xab\xee.\xeb\x0bF\
>\x94\x15\x98\xa8W\xa5G\x16A>\xdf\x82V\x16\xa0\
\xa2\xd4\x03\x1e\xbb\x05z#\x02\x08\x92\x02\xb2\x82\xa3\x83\
\xadp&\x1cR3\x0b\x1e\x87\x05\x1aOvj\xdf3\
\x16;\x98\xbc\xf8z\xb4\xd4pp,\xbb\x8bw8n\
\xd8\xf5\xa7M\xddzU\x02)\xdf@\x13]\xc7\x97\x91\
\x17EYY\x89\xc5a[!wR:\x8e\x83\xdbf\
\x86\xcd\xeb\x96\xc1\xd8\x02\x07\xe0\xb3\x10\x13$\xc0\x0c\xa7\
u\x94\xc7\xd9\xcf\xc2s\xc0\xe2u\xdd\x9e\xe3\xf0\xeb\xba\
\xbdZ=\xeb\x9b\x8c\xbd\xb4\xe8o\xca\x88`aM?\
\xe2{N=S__\x9f4\xcf\xa4t\xadP\x8f<\
\x1b-y5^\x0eo*B\x08c\x9f\x18X\xbbt\
\x1a\x94\xa1\x12\xf4\x10u\xdce\xe3!\xdfi\x85|\x1c\
\x05\x87\xd5\xac\x8d\x0a\x19\x7fy\xf5%p\xd9$\x0cv\
#\xc3e\x07/\xaaJ\x8dRP\xe6\xd5\xcb\x09\xa4T\
D\x94\xe4u\xb86\xf2\xe8\xc5\xe1\x11c0\xbe\xc8\x05\
\xcbf\xf9\xf5\x8a\xcc\xb0\xa8\xd0\x1d\x0b+\xc0a\xc14\
\x8cA\x9f-\x8a\x02\x93U\xd6\xfc\x90^L I\x91\
\xeb\xd7>piD\x10n\xd5\x8b\xd9\xa1H0\xc6c\
\x073\x8eB\xb6\xf8\xf0\xfe<\x07\x0f\x0c\xa6\xec\x5c\x88\
\xc6\xc4\xfbV\xac\xbd'i.Kj\xb9\xbb\xa7w\x03\
zT\xe6T;\x14E\x06\xb7\x9dGKg\xaf\x08.\
E\xc0\xc2\xb1\xe8]\xb2^\x93\x1d\x98;\xec\x17\x02\x91\
;\xf4\xe2\x00\x09-_\xb7\xe6^\x9f K\xcb\xf5b\
V\x14\xdaY\xb8l\xa2\x17\x0a\x1cV-\x90\xb3\x85\xc7\
\x0cF\xca_>\xc1\x0bN>{\x03\x10\x82,_\xbd\
l\xf5\xc3\x0e\xbd\xa8\x91\xf0\x86@(2[Q\x95|\
\xbd8,\xd4\xed{\xae\xf0\xc1\x83\xd7N\x87\xf2b7\
\x98\xd0\xf7\xb3\x85\x92\xc1$\x9f\x07\x1e\xbba\x06|}\
\x22N\x8c9\xa0\xaa\xca\xf8H_\xd7\x18\xbd\xa8\x91\xa0\
\x88,K\xd3\xb1{6\xbd8,\x14\x12E\x0e\x16\x9c\
V\x0e\x0a]V-#e\x0b\xb9a)\xc6\x89\xdd\xc2\
\x81\x07\x9f\xcf\xc1\x06\x84OQ\x98\xd4\x8a,\xae\xad\xe5\
0SM\xc0\xcb\xcc+\xba8h\x8a\xe8\x8d\xcaZ\xf6\
\x99>\xae\x08;\x93}oX\x96\x81\xa53\xfc\xda\xa8\
\x06\x05\x99|?k\xf0^\x87\x85c.\xc1\xcb\x81\x06\
\x07\x14\xe1[ZpV2\x15\xeb\xc5\xac\xa0\xb6\x8fv\
D\xd0\xa5h\xce\xc8Z\x7f\x0d\xea\x81\xd7m\x83\x98\xac\
\xc2\xb9`\xee\xbb\xdd\xa8$\xf9kkk\x93\x15Qc\
v\x0e\x9d/\xe7\x8dR\xfd\xf1 \xb4\x05\x04\x90r1\
\xa9\x8e\x80J\x1c\xbb\x10\x83#h\x8c\x5c\xc1\xc1\xf75\
55%+\x12\xc5I\x00\xfb\x92y\x99\x9e\x82\xf6^\
\x11\x1ey\xbb\x0d\x1a\xda\xb2\x9e\xa1\x07\xd8\xb6\xbf\x13~\
\xb2\xb3\x1d\xba#\xb9\xa5`BV\x95\xf4Y+\x97`\
5\xa0q8\x1f\x92`gs/D\xa4\xecG\xa5#\
,\xc1\xfb\xcdA\x08`\x8c\x8d\x8c\x84\xae\x0f\x96\x04\xa6\
WVU\xb5O/\xe6\xcc\xc7\xad!\xf8\xc7\xb1\x80^\
\x1a\x9e\xba\xa6\x1eh\xc3\xd1\x1c)\x0cn\xe1\xf4K\x8d\
\x01E\x8a\x03\x0e\x09\xb3N\xf6=\x19\x02\x05\xed\xf3\x1f\
\x7f\x09\xbb\xd1\xc52\x85\x8b\x88\xf7\xed\xc4\x91x\x0d\xdd\
J[\xe2\x8f\x10\x8e\xe3:*++\x07^0\xa0\x88\
\xcd\xd6\x1d\xc3\xb5\xe9\x97zqD\x08\x98\x8e\x9f\xaa?\
\x0b\xef\xa1\x9ba*\xd7k\x07\x89\xe1\xfed\xdb\xfe.\
\xf8\xcd?\xcfbr\xd0+G\x06\xee\xe4\x98/p\xfb\
\x9b\xac\xc8\xf6\xed\xdbe\xd6\xcc\x9e\xc0\xcbQ\x1div\
\xf6\xc9\xb0m_'\x04\x82Q\x10\xc5~\xff'\x9d\x04\
\xdc\x9b\x9c\xe9\xea\x83\xba\xc3=9\xc5R*p\xcb\x10\
\xc4`o\xc7\xcbdE\x08\x8ee\xf6a\xbc\x8f8N\
\x0c:#\x12n\x05\x14\x08\x85\xa3\xd0\x13\x08C\xa07\
\x0c\xe1\xbe\x18\xc4D\xac\x8b\x8d4\xb8\xe3Q\xcfY\x19\
\xd3y\xbd\xa0\x91\xa0\xc8\x98\x22k\x03f\xaeQ\xb9\x97\
\xdb\xe9\x80\x9b\xbfq\xa56I\x124\x1a\x86\x97\xb9\x1d\
v\xb8\xfak\xd5\xb8`\x1c\xe6\xf4d\x188\x93\xe9\x98\
e\xac\xe3\x9c^\xd4H8Eijh\x10.\x99Q\
\xed\xc5\xed\xe9b\xbd*3\xa85\xc3\xb2\xc0`\xc7\xcc\
\x16+TO\xab\x80u\xb7\xdf\x04\xd3+&\x03\xab*\
\xc0\x86;\xf0&]\x0b\x13\x07\xca\xb8j\xb8t\xe6e\
0{\xfaT8\xdf\xd3\x0b\x9d!\x9c{\xe8\x1d9\xe6\
}\x9eg\x9f\xfe\xe0\xa5-\xff\xd2\x8b\x1aI\xc7A\x95\
s\x96\x1c\x8d\x0a}k\xb1\xf9\xb4''&\xbb\x1d\xf8\
b/X\xc7\xf9\xc16i\x22\xb8\xa6L\x81\x15\xcb\xaf\
\x81\xc7V\xdf\x02ec\x8a \x14\x0a\x81d/\xc2M\
\x93\x08l_'\xa8,\x07\xb1\xb2\xb9 z+\xb0\x13\
\x16\xa8\x9e9\x1d\x16-\xbc\x1c\xda\x9cy\x10\xf0\x14\x80\
\xb9\xa8\x10X\xa7\x0b\x18\x0e\x95\x15\x04Z\xbd\xea-%\
\x83\x99\xf5\x5c\x89\xcb}\xff\x91\xc6\x86\x84\xe5@\x92\x22\
-\x07v\x87&\xcc\x98W\x22\xca\xf2\x15z\xd5\x00\x0c\
\xcf\x83\xb3\xb2\x12\x1c3g\x80\xd5\xef\x07~L1\xb0\
.\x17.\xc7\xbd\xb0aA5\xb8-\xb8\xe3cL\x10\
\x0c\xa2\x22\x98Ze'.\xdd\xe4\x18\xc8\xee\xb1 \x15\
O\xc5\x17\x98\xc0\x8d\xf7\xbbP\x1c\xbc\x19\xa6\xe2s\xbb\
;\xba@\xb0;\xd00\xc5`))\x01k\xd9X\xec\
-\x0br\x00g\x82\x14\x99/\xcfn{\xfc\x9d\xd76\
\x7f\xa0\x17\x07H\x88\x11\x03\xd6b\xda\x8a{\x8b\x84X\
\xe1\xf2\xf3!\x7f\xe9\x12\xb0\x91\xdb8\x1c\x9a\xf5\x88R\
\x97\x03\x1e]<\x0f\x0am\xfd\x9bJ\x0ew}6\xbb\
\x0d?\xcdp<\x14\x81\xc7\xbe\x88\xc2\xaf\x9a\xc3\x10T\
\x18\xad\xce\x8e\xdf\x19\xfb\x96qy.xt\xe1<\x5c\
\xc6\xf7\x9f\xa20f3\xb0n78\xd1P\xee\xf9\xf3\
\xb5v\xe21\xb1\xcc\x9e\xa0\x10{E/&\x90R\x91\
\x90\xd3t\xc8\xcc\x98^F\x8b\xf4g{\xf4aW\xf5\
\x1c\xcd\xfa\xf1\x14`\xe77\xcc\x9f\x8d\xca8\xf5\x9a~\
\x0aPiG\x9e\x07\xcaKJ\xa1W\x944\xd7**\
(\x04\x97'\x1f\x15\xb1\xe2k\x8d\x0c\xafBE\x81\x0d\
VUUh\xdb\xde\x01\xb0=\xde7\x06\x5c\xf3\xe6j\
\xd7Z\x15@\x98\xe7\xcc\xcf\x5c7kB\xcas\xad\x94\
\x8a\xd0\x91~\xd9X\xe7\x13f\x8e\xdbOe\x0e\xad\xc4\
y\x92\x0fUh\xd2\xa3\xbd\xf7\xd0P\xb5\xa0\x0b\xb2\xb8\
\xeb\x0a\xc7\x04\x08Fc\x10\x88Dh{\xaa\x8d\x96\x19\
\xefooy\x03\xf6\xbc\xbb\x16>\xaf\xbf\x1f\xc2\x81f\
\xf4oS*/\xc2\xd8)2FE\xc5\xa9\xe1\x03w\
\xa9s{\xba3\xe0\xa4\x181\xa0\x0c6y\xd6\x9c\xdd\
8\x1f,\xb3\x94\x8f/ \x1f\x1eJT\x92q\x09\x1f\
\x849\xa5\xc5`G\xb70 #J\x8a\x02o\xeck\
\x84\xcfZOj\xcaT\xfb\xc7\xc3\x04_\x11X\xcc<\
\xb8\x0b\xa6\x82\xc7[\x05>\xff\xb5pN*\x80\xcd\x0d\
\x07\xa0\x07\xefI\x85\xdc\x83\xb1\xd2\x1b\xd8\xed+\xca\xfb\
\xce[\x9b\x9fKX_\xc5\x93rD\x0c\x16M\xf5\x1f\
\xe0y\xeea\x8b\xcf\xd7\xabW%q\xe8|'<\xbf\
{\xbf\xa6T<f\xb4~kg\x97\xa6PD\x14\xe1\
D\xe7\x05\xb0\xe2H\x19\xd8]\xe5\x10e\x5c\xf0\xcc'\
\xff\x863\xc1\xf4[\x00K\x89\xaf\x857\x9b\xd6\xd5\xbd\
\xf0\xfc\x19\xbd*%\x19\x15\xa1a\xfcd\xc7Ku^\
o\xd1\x03\x8c\xaa^\xd0\xab\x93\xd8{\xf6<\xbc\xfd\xc5\
\x09\xdc#\xc4\xf9\x07\x8eJ,\xee\xcc*\x84i5~\
+L\x8a\xff\xee\xb3Fh\xeeN\xbfNeT\xe5\xac\
\xb7\xcc\xf7\xe0\xae\x1d/7\xeaUi\xc9\xa8\x88\x8e\xba\
m\xcd\xcd[\xad\x8c\xb2\x0a_\xdc\xac\xd7%@\xe7\xbc\
\xdb\x0f\x1e\x83=\xed\x83\x89\xce\x82\x19jl\xbeG\x8b\
\x1fR`J\xa9\x0f]nP\x91\xf7\x8e\x9f\x82O\xdb\
\xce\xa6\x8c\x0d\xacTYP?t\xc8\xea\x0d\x7f^\xb3\
\xf2M\xbd6#\xd9(\xa21\xeb\xc4\xc1w\x9d\x1c\xb7\
\x9cSU\x9aQ\x93\x02\x8e|\xfc\xe9O\xf6\x0e\xb8\x09\
\x87\xc1^\xe5\x1f\x871a\x86\x02\x0c\xd8\xc9\xbeb#\
\x01\xc1\x09\x9c\xd5_\xdc{(\xc9\x1d\x09TL6\x83\
\xfaV\xbe\x00w\xee\xb8\xfb\xd6\xbdz\xf5\xb0d\xad\x08\
\xb9\xd9_\xee\xbc\xf1(+w/\xe3U\xf5\x97&U\
M\x1a\x9d@T\xd4\xe2\xa5\x17\xb3\x151\xa7\xdc\x0fn\
\xab\x15\xfc\x85\xf9P\x92\xd7\x7f\x1c@\xc9\xe1\xc9\xfa\xcf\
 \x8ci9\x11\x1c\x05Um\xb43\xca\xbd\xc1\xd6\xc2\
\x9b^\xad\xb9\xe549\x97\xfe\xe5\xb0\xa4\xcdZ\xe98\
ZW'\x94TM\xfd\xc8\x99\x9f\xff&\xa7\x9a\xdaU\
`f\xa9\x0c\x0c\xcc\x5c\x1d}\x11\xed\x8cj&f(\
\x17NtMg\xceAE\x89\x0f\x16TL\xc2\xa0\x97\
`\x13\xc6ESG\xc2T\xa0\xa2Q\x9a\xac\x8c\xfa\xb8\
Ie\x9f\xa8jm\xac\xdf\xba\xf1\xae\x9c\x97\xc8\x83N\
;\x02jkkM\xad\xe5U\xee^\x90VE\xc1t\
\x07\xfa\xdbx\xacvq&\xc6\xfe\xc8\xa2y\xdc\x02\x7f\
)4\x1co\x05;.]*\xc7\x96\xc2\xdf\x9a\x9a\xe1\
\x85\xbd\x07Et\x1f\xdc*\xa8\xbdh\xc5\xc3\x16\x15\xb6\
z\x14\xee\x8d\x17\xbe\xbb\x22\x84\xbe\x97\xf5\x08\x0ceT\
\x8a\xc4S\xb3g\x8f\xb9\xab\xa9e\xbc(\xb1\x93%\x13\
\x94M\xcc\xcf\x1b\xf3\xc8\x82\xb9\xc58:\xf4o\x11\xcc\
Z\x92\xf0\xc4\xfb\x9f\x9e\xef\x8e\x89g0'\xb7\xe3\xaa\
\xec(\xebVNo\xbf\xed\xb6\x8b\xb1A\xb9x\x8a\x0c\
e\xe5\xeb\xaf\xb3w9\xab8\x9b\xad]k\xa3\xc3\xeb\
U\x0eM\x9b&md\x98\xd1mr\xff\xcfW\x84\x91\
\xb8\x16\xad\xd7i\xafB\xeb\xf8w\xa9\xe2\xab\xc0U(\
\xcf\xa2<\x85\xd2\x80\xf24\x0a)\xf0S\x14:q1\
xT\x97\xffI\xaaP\xa8\xb3\xc6\xfa}:\xca\xce\xfe\
KX\x82\x12\xaf\xc8\x8d\xba\x8c\x96\x8fP\xca\xfa//\
\x1e\x9f\xa2<\xd8\x7f9@\x91\xfe\x19\xaf\x88\x0f\x85\xca\
S\xb4\xd2 d\x00\xaa\xa7\xef\x09rI*\x93\x81\x88\
\x05(\xf1\xcf\xd05\xed\xb8\xbe\x8dB\xf7\x19\x06$\x0f\
 W\x1e\xfa\xfe\x042-Q\xa8\xc1#\xfd\x97\x03\xa4\
Z\x01GQ~\x8c\xf2\x03\xad\xd4\x0f\x19`\x13\x0au\
\x86\xf6\xd74\x9a\xb4&Y\x81\xf2\x22\xca\xcfP\xaeG\
\xf9\x1c\xe5Z\x14\x82\xda\xa3N\xd3\x88\x94\xa3\x90\xe2\xb8\
E\xd4\xbc\x80\x8cAn\x9d\xb3\xfb\xd2\xef>h\x96M\
\xf7\xfb\x8f\xf8\x11!(f\xa8\x83\x04u\x9aN8\x8c\
\xfd/u\xfa\xf7\xfd\x97\xb0\x16\x85\xce\x88\x8c\xefh\xff\
M\xcf\x1aP\x9b\xa4\x84\x01\xfd\xc4\xc9pYR4\xed\
?R\xd2\x8d\x88\xb1\xa23\xdc\x22\x17\xc8ep\xc1\x07\
\xdfG\xa1N\x92\x85\xe9'C\x06\x07Q\x8cr\x8b\xfe\
\x99\x0aR\x96\xdc\xe9r\x14z\xcf\xb7Pv\xa3\x18\xee\
\x9d@:EZQ\xc8e\xe2\xadC\xa4|\xc9\x10\xc8\
=\xe8\x14\x90\x1a'\xb9\x0b%\xe5\xaf\x15\xb2\xe4\x0f(\
\xf4\x9e\x1f\xa2,EI\xb9\xc1\xcb\x14#\x7fD\xb9\xaf\
\xffR\x83F'\xe5Q\xcc\x10\xf6\xa1\x90\x1b\x18\xd9\x87\
,K\xa3d0\xd4\x18\x85\xfa'A\x064\x9e\xa3Q\
\xa3\xadB\xfc\xff\xfd\x8dx\xca\x09\xea\xc0_Q(X\
\xc9\x224\x8flG!(\x90\xc9_\xe9\xc5\xa4 }\
wL\xbf&\x9eD9\x8bB\xcf\xbf\x83bd\x1cz\
\x9e\x9e\xa3,D\xf7R\xb0\x93\x18\xcfQ0S\x5cP\
\xbcQ|R,\xb6\xa1P\xc0Sj^\x872b(\
{\x90\x8b%\x9f\x07e\x86\x5c,\x1bW\x1cJ\xaav\
\x86\x99[\x00\xfe\x03\xf9u\xc0@\x85o\x90\xb8\x00\x00\
\x00\x00IEND\xaeB`\x82\
\x00\x00&\xc6\
\x89\
PNG\x0d\x0a\x1a\x0a\x00\x00\x00\x0dIHDR\x00\
\x00\x00\xc8\x00\x00\x00R\x08\x06\x00\x00\x00\x11\xa5\x9b\xbb\
\x00\x00\x00\x01sRGB\x00\xae\xce\x1c\xe9\x00\x00\x00\
\x04gAMA\x00\x00\xb1\x8f\x0b\xfca\x05\x00\x00\x00\
\x09pHYs\x00\x00\x0e\xc3\x00\x00\x0e\xc3\x01\xc7o\
\xa8d\x00\x00&[IDATx^\xed\x9d\x09\x5c\
U\xc5\xf7\xc0\xe7\xed\xfb\xcec_\x05\x15\x01\x11\x05d\
\x177\xd4\xb4\xfci&\x9a\xbbiZ\xb6\x98\x9a\xe5R\
\x12\xa9\xa5\x99\xa5\xd9\x86\x99\x9af)\xd6\xcf2\xf70\
\x16\x15\x01\xd9\x5cX\x14Ad_\xde\xce\xdb\xd7\xff\x9d\
\xf7.\xc8CP\xeb'j\x7f\xef\xd7\xcf\xc8\xbb\xe7\xce\
\xcc]\xde=s\xce\x9c\x99;\x0f``````\
````````````````\
````````````````\
```````````\xfc\xab\xc0\xa1\x7f\
\x9fx\x92\xbeLg\x96\xd6\x1a\xf9UR*h\x90j\
\x01\xd0\xd8\xe44\x1e\x00.<*\x08u\xd5\x02_\x9a\
\xa1y\xe9\xd2\xf1:\xdb\x9e\xde\xc3b\xb1\xe0\xe6|p\
\xdeCC\x22\x98~y/\xba\x1e\x15c\xfc?\xe4\x89\
U\x90\xa4\x94|zN\xa9\xd6\xc3\xc3\x09\xf7Qn\x99\
\x9a\xa9\xd1\xe9\xdd\xcc\x16s\xa0Rc\x01Z\x83\x19y\
Hm\xf9\x88\x04\x1c\xa0Q\x08\x80\xc7\xc0\x01\xa3\x85\x98\
\xe7.$\xcb\x888\xd3\x06\x0fg\xe6\xad]\xab\x22\xeb\
l\xb9\x1e./,\xcb\xa6U\xca5j\xa3\xd1\xd8x\
u\xdfXWT\xfcD\x91\xb4=\x87-t\xc1\xd1_\
O\x8chBE\x18\xff\x80'NA\x96\xef\xc8\xed\xa7\
h\x03\x1f\xe5\x5c\x97\xfb\x8be\xfa@\x95\xc6\x00\x0cF\
D!\xd0\xfd\x90v\xe5h\x07\xd7\xe9*\x08x\x1c \
\x93\x08\x80\xcf&\xc9|\x5c\x18eL\x16a\xc5 |\
Lnr2\xce\x8cf\xf9\x9f\x89|!\x9bv\xdb(\
W\x1b\x0d\xfa\xc6\xd6\xe3\xffy\xe2\x14dnR:\xf7\
F\x93)K\xc0\xa18\x85\xd2\x8cn\xc9\xc9#\x8c\xe8\
.\x8c\xbf\x09\x1e\xfd\xfb\xd8\xd9\xb8\xe7\x8a\xff\xac\xe4\xec\
\xc3's\xa4E\xa9\x99\x8dSn\xd6\xb6\x05J\xdbt\
@\x87X\x0b3\xa2\x10P)pV}\xb6\xfdo\xd3\
m$Y\xb5\xc3\x96`\x1e\xa3\xc9\x02\xd4Z#\xa8o\
\xd5p\xb3\xaf\x8a\xa3r.\xcb\xb2\xcf\xb6f^\x9e\xf6\
~N\x1cR\x8b\xad\xe8C\xa3\x8b\xa6>!p\xb9\xdc\
\x90\x16\xb9!\xa0^\xa4slld=\xe4k~\xba\
x\xec7/%%\x9f\x94\xd9`x\xeez\x9dj_\
E\xad\x92\xa17\x9aPe@@\xfe#\x11\x09\x80A\
%\x02\x1e\x9b\x02\xd8t|=\x85`\xbe\xce\xe32\x00\
\x89`\x04$\xc4Z\xa8\xf48 \x92\xa8\x81\xce\x8c\x0f\
i\x95\x19\xf82D\xa9\xf4V\x17\xec\xce\xc3\x8bG\xf2\
q\x98$\xe0\xe9H\xdf\x19\x11\xc4\xfed\xc7\xd2\xf0J\
t\xd7?\xe2\x8e\x05\xd1!\x16d\xd2\x13\xe9bMx\
\xeb\x5c\x1f\x81\x80\x8a\xdb\xf7~X\x15r#\x9fLM\
\xfe\x17\xf0X\x15d\xea\xd4T\x82\xd2\xcb\xe9\xc7\x82\xeb\
\x8a\xe9m*\xbd\xd5R@\x83\x00\x95\xc2\x11\xe9x\x0f\
\xf5g\x01\x0fg\x1a\xa8nT\xe5\x05x\xd2v9q\
)\xa5\xaf\xbe0\xf0\x02,\xbb|Gq\xbf#\x17Z\
\xfaN\x8df\x00\x07\x16\xb1\xc0\x88g\x19\xaeTi(\
\x1c\x86\xe5\xfd\xbcrYH\xa3H\x1b)\x87u\xc2J\
\x11`\xbdPQ\xdc\x9d\xe8\xcaP?\xce\xb4\x9f\x93\xa3\
NXw\xfc\x03\xfe\x0d\x0a\x82\xf1pxl.\xd6\xe7\
?_\x1d\x90cf\xed;\x7fY<]\x81*\x07\xec\
?\x08\xf94\xd9\x84H~\xfa\x86\xf9>`\xc1\x04/\
\xc0\xa3\x13@z\xa1|\xe8\xfe\xb3\xd2\x9d_\xfe\xde\x98\
\x16\xbf$=\x04\x96\xbfR\xad\x9d\xa5Ph\x8f\x1d\xcf\
\xd7\x1c\xfb9Kq\xc3bT\xcd9\x98\x1c\xda\x90\xf2\
N\xd8\xab\xe1\x11\xdca\xe3\x22\x9c\x87\x05xs\xb3\x19\
4\xa2\xb5\x15\x80\x06\xc5\x84\xb8_\xb5\x8d*\xe6\xe9\xfc\
\xd6\xe3/\xbc\x97\xf15\xac\xe7\x7f\xe3\xb1\xb6/\x18\x8f\
\x80\xc7\xf2\x0d\xbf\xb737\xf0\xf8Ey\xe1\xf5\x9a6\
\xb2\x09\xed:\x93Hx\xd0\xc7\x85\xf3g\xa07\xff\xc3\
\xbc\x1b\xcd{\x05\x0c\x8b/\x8cX\x85\x07\x0a\x80\x80I\
<x\xedV\xcbk\x22\xb9%J\xae\x06\xff\xe5\xd1\x89\
\x91C\x22x\xd7\x9d\x0d\xa2\xcf\xcbZ)+\x94m`\
Y\x9dH\xffjX\x7f\xe1\xa0=k\x87\xb4\xdaj\x04\
 >)\x9dhj!\xc44I\xd5iu-*b\
\xbb\xd7\x05\xad\x09\xd2\x91\xb7\x84\xf5\xa3\xee\xf8k\xc7\xb8\
\xa56\xe9\x83\xd3\xb5\x93\xfe\xfe7\x97\x12\x8e_\x92\x86\
\xf3\x99`\xb5T\xa1\x07B\xc4\xfa\xd5\x8a\xcd\xef,H\
p\xba\xb6|\xf6\xa0sh\xb1\x0e\x82\xe7\xa7\xc7\x0a\x18\
\xa6T\x17'\x5c\x94\x80\xcd\x90\xe6\x96i\xfe\xc3%\xeb\
W\xcb\x94F\x0f\xb1\x9a\xba\xa0\xf2\xe0\xa8T4\xab\x95\
\xb9\x1b/\xf8K\x15\x865*\xb5~\xb2\xacM\x0f\xf8\
\x1c\x8a\xaa\xaa\xc9\xb2r\xfc`R\xfa\x8eU#\xba\x8d\
\xd4E.N\xdb\xea)\xa4\x04\x0d \xa4=\x93\x9c\x9c\
l\xbd\xcb\xe3\x96\xff\x95\xda$5\x89\x8b\xf7$\xbc\xba\
\xf1\xfb\xc2\xf8_/H\xc3\x1dX\xa6$\x89\x1c\xa9\x93\
K\x01\xb5R\xb0v\xcep\xe6\x95\xd5\xf3\xa32\xac\x95\
`<z\x05\xd9\xb2\xaf4\xe8@zCa\xf9m9\
\xa9\xfd\x81%\x12\xf0\xc0\xdf\x87{\x80K#f\xd5\x89\
U;\xa4*\xc2\xb6i#\x0c\xeb\xccZa`n\x85\
\xe2\x82\x8b\x80\x5c8\x84j\x8c\x87\xd1\x98\x01sN?\
#o\xb3\x1ce\xd3\x89\x11\xe5\x07F\x17\xc2\xf2kw\
\x15xe\x16)\xab\xfd\x9c\x891\x88\xad\x88\xbc^\xab\
zIN$G\x96~=B\x09\xf7o\xdc\x7f9n\
\xe7\xef\x8d\x1b\x9b%\xaa\xb8N]\x13@&\x13,Q\
\x03X\x9f\x9f\xd96j\x05*z \xda\x15\xc4d\xd4\
\xc9\x1d\xb9\xb4\xcdM2\xc3\x06\x95Z\x87\xc7\x11\x88\x88\
%\xc4\x01<\xe2\xf2[LF\xc0eQLQ\x81\xfc\
\xb7\x06n\x8c\xfa:\x19g\x8b\xa2\xa5\xa6\xa6\x12\xbe\xcf\
\xe6\xe7\xe7\x94)CB\xfa\xf3S%2\xed\xa4\xca\x06\
%\x19~\x15\x16@\x00<.\xf3L\xc3/#\xc7Z\
\x0f\x84\xf0\xec\xdbY\xdf\x9f+Q\xcc\xd1\xebtD<\
\x81\x04\x10#\x88\x98}\xd8\xc72\x03\x01\x9bj\x88\x0a\
\xe2~px}\xf4Ghv+\x1f\xee)\x99\xb4\xeb\
\xd8\xad#0\xfc\x1d\xcf\x14\x92w\xee\x0c3@\xb9\xfb\
\xe4c\x16\xb9\xca\xa4\xf1ra\xbd\xdf\x22\xd5|\xd2\xa6\
\xd4v9g\x03`0\xa8\xe6p\x7f\xde\xf2\xa1\xe3\xa3\
\xbfJ\x1e\x81{\xea\xa3_\x8f\xdc\xc5\xfa\xeah}R\
g\xe5\xc0#g\xe0\xeeHK-\xf8n\xf8lI\x9b\
~\xbaZg\x91\xc5\x04p\xb7\xd5K\x5c^\xfc\xab\xcc\
\xe41j\x88 Z\xdaf\x0c+\xd0Q2\x93\x92,\
\xf8\xb2}cO:0\xf1\xcfj\x0d\xa6\x8b\xe1\x0bm\
\xee\x96\x0d\x9b\xae\xdfj\xd6\xbaU5\x19\x02yD#\
\xdf*@X\x8b\xb4\xe2\xb7\x0f\x8f\x8d\xf7vfft\
\x0e\x09\xeb\xf5&\x5cA\x85j\xf9\xe2O\xf27\xa1\xa2\
\xbfE\x9b\xda\xcc\xa9jR}d2\x9b\xf0\xce\x8e\x9c\
C\x0b\xc6\xf0\xb6o\x9e\xe3\xb8}\xda0\xf6v\x01\x97\
yL\xa91\x122/\x8bv4l\xce\xff\x02-\x02\
\x12\x13\x13M%u\xe6t\x18\x8c\xb8T\x22J\xacl\
P\x91\xbd\x9cY\xa2\x91!\xec\xed\x1f\xbe\xc8]\x1a\x83\
\x13\x8dG\xb3\x82\x91K3vg^\x91\xbc\x84<\xb9\
\xc4`?~\xc1\xc21\x9c\xed\x9b\xe7!\xf5\xc7q\xb6\
\xf7\xf7\xe4^\x97)u\xa4\xf4B\xf1\x86\xe7V\xe7\xbc\
\x83\x16\xb1\x82(\x10\x01\x06\xd8:7\x06\x10\xb8m0\
\x1aiUu\xd2Ouz#\xde\xd9\x81udN<\
}\xfb\xc7\xb3\x1d\xb6\xcf\x8agn\xe7\xf38\xbfAy\
\xf6\xd5\xd6m5\x17\x0bR\xd0bO5\x8f\xd4\x82<\
\xfb\xce\xb9\xd4\xf4B\xd1T#\xeaW\xc1\x87\xd5\x81K\
\xd5N\x1f\xe9\x1ae\x01x?\x85\xca\xb0\xd9\xdf\x9d\xf5\
\xe2\x8a\x99\xfd\xf3\xfa\xcdL\xbb\xa9Pj}\x97Lt\
\x9b\x8d\xc7\x93\xae\xfdU$\xbeD\xa1\x10/\x9d\xfc$\
:\x06)h\x89x9\xed\x19\x85\xdat\xdc\xcb\x99\xfe\
C\xe8\x00\xfa\x07\x19E\xaa\xea\xbe\xce\x84\x98\xc2\x92\xdb\
\xa6z\xb5`\xb3\xf8\xe8\xd8\xe1\xd6\x83\xd8\x83\x0b_t\
\xd6t\xb5B\xd6\x11\xd6\x81\xe7 \xe4\xd2\xc4C\x068\
\x0c\xfe}\xe3\xd0ZT|O\xda-\x88T\xa1\x06\x1c\
&\x19L\x88q\xffb\xf7\xbb\x83\xefr\xd5\x12\xdf\xcf\
9t\xe6RS\x22\x87I\x01\xb3\x12<\x136.\x0e\
L\x83r\xf7\x17\xce|&\x92\xb6-\xc3#\x07\x1f\x13\
\xe6 \x89\x1f$\x0c]\xf6\xe2\x80jk!\x94\x19\x1b\
\xf2\xa7\x9e\xceiH% y\x02|y\x932\xb6\xc5\
\x1cE\xce\xb6\xd3#o\xc1\x0dy\xe9\xec\x9b\x95\xf5\xaa\
m\x8e|*\x88\x0fw\x0c\xda\xb5|p\x09\xdc\xb3a\
\xcf\xd5);\xff\xb8\xfd\x0b\x15\xb1 \xc3Yw,\x88\
\xdb\xa4c\x161\xe2\x02\xd2\xa8D\xf0\x5c\x84\xc3\xee}\
I\xd1\x0b\xa0\xbc33\xd6\x9d\xff\xe1T\x81x\x0e\x95\
D\x003\xc7\xfaL\xd8\xf2j\xe0?\x0ef\xfc\x7f\xe0\
\x91Y\x90\xd7\xb6\x15\xcc\xcf)\x95u(\x07\x04>\x9c\
C\xfb\xf3\xff\xf8\xf4\xf5\xc1\xc5e\xd5\x8a\x99\xbf\x9dk\
\xeaS\x5c)~\x0eN\xe5\x98\x1d\xef\x90\xe0\xefA\xd9\
\x7f\xba@\xbe\x9fF'\x06\x8d\x8ft\x18\xaa\xd7\x1bC\
\xc7\xbc}!{j\xaa\x85\xb0\x22a\xd4\x197GJ\
vI\xb5r2\x8dD\xf7G\xab\x04D$\xe1\xd1\xcb\
zau\xfa\xf7\x11\x8b3,\xb3V\x9cfX\x05\xc8\
S\x15\xecE\x8ac\xd2\x11\x8f\x06\x05\xb6\xaa\x22\xb9V\
 \x91\xa9\xf37\xffT\xf6\xb7\x22R0\xa8\xd0\xcf\x83\
\xf1Mw\xca\x01I]\x1f9-~\xb0\xa0\xadU\xa6\
\x01%\xb7\xa4\xebQ\xb1\x158\x9a\xe3\xedL\x93\x87\xfa\
\xf3\x86vU\x0eH}\x932E\xab5\x81\x84pA\
n<'\xe6\x0f{\xe5\x80\xe0,SG9\xee\x1b\xdc\
\x97U\xdd(R\x03\xb9D\xfd@->\xbc\xe7^.\
\xf4\xfd\xdd)\x07\xe4\xa7\x0fc\xe7\x22V[,W\x1a\
@Y\x95\xe4\xc3\xa4\xa4\xa4\xc7\x16\xc8y\x12x$\x17\
\xbf(%\x9f\x94{M\xb6C\xa9\xd6\xa3\x12\xdb\x17\xc5\
\xa4\x91\xf5C\xfa\xb3>M\xdeS25\xd8K\xb00\
:\x90\xb7\xb1\xe4\xb6v\xf5\xf2m\x85\x1b2+[%\
D\x06x\xc3\xdd\x81,>\x98V\xbf\xdfd\x02\x83G\
\x87\xf2\x87\x9a\x8c\xa6`\xf1\x85\xac\x8b\xe7\x1a+\x881\
Q\x0e#_\x99\xe4\x14\xadiS\x97\xdf\xe5O  \
\xbe\xb5J\xa1\xb2\x9f\x9a\xf5\xfd\xdaa\x17\x06\xfbsO\
!\xcfv\x070\x14|\xb5R\xee\x98W*\xf9[\x1d\
v\x1a\x95\x04\x22\x06\xb0N\xa3\x9b\xdd\xe2\xc4!.\xc5\
\xe3\x09\xa0\xb6E\x1d\x09[}T\x8c\xf8\xfc\x00x\x08\
i\xfb\xde\x9f7\xf0\xae1\x99-\x07\x8b\x83jZT\
t\x1e\x8b\x04\xc4\xad2\xa4\xef\xd5\xfd,\x80\xd53\x83\
\xa5\xfd<\x99\x9f\x12\x088\x90\x7fCE\x84.(\xba\
\xabG(\x88e\x88\x09\xa4\x9cE7\xbb\x85E%\xbf\
N&\xe1A\xadH\x17Z\x1a\xf8A\xa7;\xf5\xf4\xf1\
H\x14\xc4(\xd2\xffV~\xbb\x8d\xd1\xf5\x19\xe6\xb3\xa9\
\xbf^\xaf3\xcc\xfb\xf6\xb7\xdb\xa9\xa55\xad\xe3~\xdf\
\x1c\xf3\x9e\x9b\x90\xbe$\x1d\xf1\xbb\xd52B9L\x95\
\xf5jC\xb3D\xd7t\xb6H\xb2\xf1\x96FW:.\
L\x10\x8e(\x83\xff\xe5\x9b\x8d\xe7\x1b\xa5Z\xe2\xda\xd9\
CJ\x8boiY\x1a\x9d\xd1HfP\xefh \x82\
\xd6H=\xeb\x22\xa0\x82A\x83\x9cP\x89\x8d\xe8@\xea\
Z\x16\x83\x82n\xd9\xd0\xea\x8d\xa0\xf0\x86b\xc1\xf4\xa4\
\x82\x07\xb6\x22D\x9c\xa5\xcd\xd7\x8b^\x8anvK\x7f\
o\x81u\xbe\x98Di\x7f\xf1\x04\x02\x1e\xa8t\xc6,\
t\xd3\x0e\xb9\xdc\xd4\xc7h\xb4P`\x88\xba\xaf\x1f*\
\xec\x81\xdb\x0dm\x1942\x01\x089\xb8\x08\xa7\x81W\
\xbdQq\x8f\x98,x\xf5@o\xeayt\xb3[\x06\
xs\x00\x8bN\x04j\x0d\xd2G?|\x18\x95>\x9d\
\xf4\xba\x82|\xb4\xbb0<\xbbD\x9e`DL@g\
pH\xef<\xc8\x9b\x9c\xe5* \xa6\x04x\xd1\x7fk\
QXRf&]\x1a\xfe\xc7\xa6\xc8\x9d\xc5{\x12\x5c\
\xb2SFZS\xfe\xf7\xa3]j~\x1d\xefr\xe6\xb3\
8\x97\x9d\x8b\xc3\x0c+g\x07\x95\x8e\x0eu\x0c#\x13\
p~eW\xdb2\x22^M\x0b\xae\x11k\x8fS\xc8\
\xa4\xa5;\x97\x87\xe6\xeb\x09l\x07\xf4\x10V\xda\x9b\xbf\
\xcd\xbb\xcaX\xa3\xdeJ\xffu\xc9\x96\xbc\xd9\x81\xcc\xb0\
\xcbA\xde4yg+\x02\x95\xb7E\xaa\x15\x88e\xb2\
\xd5\xa8\xe8\xbeXp8\x96Xb\x0c@7\xbb\xa5Y\
\xac\x05\xf0\xd2\xe9\xf6\xfah=/\x02\x81`\xdb\xe8\x02\
\x9bIR\x93\x08x\xb3\xce`\x02|\x86\x8f\x00\x15w\
\x0b\x83A\x15X\xe7\xaa!\xc6I\x8b\xca\xee\x85\xd1l\
6\xbc\xf2\xfc\xbdg\x12 \x06\xcfj\xe1\x90+\xb4n\
?\xcd\xf4\xba\x82\x9c)l\x1bR/\xd2uD\xad \
\xd0\xbdb\xd1H\xe6_?\x8a\xff\xd6\x84\x03\xca>.\
Ta\xb8?K\x92{]v\xc8\xf9?'\xce\xba\xf4\
\x94&\x9d<;x\xc1_k\xd7\xcc\x0d\xb8\x11\x13\xc0\
\x8e`R\xf1\xbe\xcdbC\x01\x9dJ\xda\xe4\xee\xc8\xdf\
5fi\xfa.\x85\x96\xb0\x87M'Z\xa3R\x0c\x1a\
\xce\xc5z@\x04#N\xf5Lq\x85j\xf2\xb9RM\
`b\x22\xce$\xd7\x10\xbe\xb3\x9eH'LH\xff\xa8\
\xb2Q?{\xc9'\xb9\xce\xa8\xe8\x9e\xa8\x91>\xc2\xb1\
\xec\xd6{\xe6\xad\x95h\xdf4\x99M\x80F&\xfe\x82\
\x5c\xf9\x03=q\xef\xcc\x0cN\xe3\xb0)\xf2V\xa9\x1e\
4JT\xdb:\xbbf\x9dIJ\xbdF6\x18\xcc\x9f\
j\xf4&\xecQ\xee%z]AZ\x15\xfa\x0f\x0cF\
{\xeb\x01q`\xd9\xdcj\x89\xdc\xfc\xe2\x91\x0b\xad1\
\x8dbC\xa5\x01G\x8cW\x9b\xe8\xabT=%#m\
\x95V\xab_\xe4\x93\x98\xf6a\xf2\xa2\x90\x1b\xf1\x03\x05\
\x83]\xf8\xb4\xa1\xb9\xdf\x0e\xfbF\xa7n\xf6)\xab\xd5\
.\x10\xf2(\x19\x95\x07G\x9c\xfa`w\xc9\xb4\xca\x06\
\xe5\x17D\x9c\xf1{\xe5\xecA\x9a\xb5\x0b\xc2RC|\
\x99\xe6\xb1\xc3l\xfdu\x1f\xa1\xc1:\xfe\xd2\x19\xa8\xc4\
\xcdR\x1d\xe7r\xa5\xa2\xa3\xd3\x7f/\x0cH\x0b_\xd7\
\xaa\xdb>#\xe9\xdc\xf3\xa8\xc8\x8e\x09\xef\x9c\x7f\xf9\xcf\
\x9c\xa6`:\x95\x00\xa2\x82\xd8\x17Q\xf1\x03\xe1\xe9H\
\xdb\x04\xfb\x16g\x8bDS#\x16gx\xa1\xe2\x0eR\
\xf2-\xa4\xf3\xd9\xe2gr\xcbd\xe1\xddt\xbf0\x1e\
\x12\xbd\xaa \xd3\x922\xa3[\xa5\x1a;\x97\xa7\x1d\xb1\
\xd2\xe6^\xb4\xe5_\xff\xd8\xdd\x81\x1eSQ\xd3\xe6\xcf\
!\x1b~\xed\xebd\xda\xdb\xd7\xd1\xb0\x17\xfe\xed\xe7l\
\xb0K\xf1\x81\xc4y\xae\x5c\xc2\x10:\xd98\xdbo\xfa\
\x9f\x1bW\xcd\x0d\xaa\xb9\xf8\xed\xf0\xa2\xd1K/\x0e0\
\x13\x98|/7^\xa0\xc8\x80\x9b\xb3n\xef\xb5\x17\x7f\
?\xdf\xb8\x9fM1\xeca\xd7\x8b\x17\xc3A\xba\xb7\x11\
\xab\xd0\xa66\x02\x16\x1a\xcfB\xfa\xaa\xdd\x02\xad\x88H\
a^\x8bn\xde\x17\x89\x5cG\xc9\xbc\x22\xffi\xc6\xba\
\xacSS\xd7^\x8c}s[q\xec\xb3\xef\x9e\x8b\x9d\
\xbc\xe6B\xce\xa5R\xc9\xb7z\xa3\x09\xef!d|\xb4\
cY\xf8gh\x91\x07\x22$\xc0\xe1\xdbA}yW\
\x9bE*P\xdd\xa8,\x18\xb3,\xf3\xb3\xce\xf5\x1f\xd8\
\x93\xb9\xa7\xb4Z\xf1\x9b5\xf0\x81*\x08\xd5\xf6\x07\xe3\
!\xd2\xab\x0a\x22\x96\x9b\xc2UZS\xc7\x14\x8fv\xe0\
\xb6Rc\xb3*\x87\x0f'\x9a\x8a\xf7\x8e\xca\xf6tc\
\x86\xc8\xb5\xa4\x09\x01\xbe\xccw\xfb\xb8\xb1\x02f%\xb8\
\x06\xac\x9b\xeb\x1f\xb0n\x1e\x92\x90\xbf+\xa7\xf7\x0dP\
i\xf4K\xb4\x80\xf4\xb1\x9f@3\x98I5M\x0b\x9a\
\x9b\xb6~yJ\xb9\x83B\xad\xcd\xafiR\x9c\x9c\x1a\
\xcd\xd7\xcd\x1f-\x9c|4\xab\xf1\x07\x07\x96\xe5{a\
\xabb\x09\xac\xff\xb5\xcd\xe7]\x8bj\x94\xc5\x0el\x5c\
\xbd\xabE\xff\x09<\xaeFg?\xe3\xb7\x03D\xa67\
\x99cVl9\xed\x88J\xba\x05\xfa<<6\x09\x0c\
\xe9\xc7\xbe\xae\xd3\x9b(\xc7r%c\xb3\xae\x88\xce\x1d\
=_\x7f.\xa7Dz.-\xbf%\x02\xf1\xe0\xf0\xfe\
\x9e\x8c\xf5E{F\xbeg+\xd5\x198n\xde3\xc9\
\xb3\xfb)\x9c\x05\xe6\xe8\x98 \xfe\x15\xa3\xd1\xc4\xcf)\
\x95.\xcb\xba\xd2j\xad?\x17\xa9\xbf\xb8B:\x13~\
y\x11\x01\xdcr\x06\x0d\x8fx\x8b\xf6\xd7\x02\xbdG\x5c\
\x17\x17\x12n\xc2\xb1\x97\xfb\x01\x0d\xeb\x03d{*\xe8\
U\x05\xd1\x1bq\xcb\xcc\xe6n#\x94\xd6/\xa13\x7f\
|\x1c\xd5|\xfb\xd0\x88j\xa4\xa3\xdc\x90Y\xdc\x0a\xf2\
\xca\xe5\xc0\x89G\x04.<\x12p\xe5\x93\x00\xd2O\x01\
kg\xf7\x03H\xe7\xfc\xe5V\x03\xef3/\x0e%\x8c\
N\x06/f\xe6\xd6\x94\x90Hf\x9c\x9f\x1b}\xa2R\
E\x0a?u^\xb4o\xa0\x0f\x8bd\x04\xb4)\xe4 \
\xb7\xe1\x8b\xb7f\xbb\x95\xd7\xeb\x8b\xe9t\xa2f`\x7f\
N\xf0\xcb\xd3\xa2%\xf0x\xf5r\x1a0\xa13};\
\x03%\x12\x85\x8ev\xbc\xd8\xdc\xe3\xf3\xeb\x11\xc86\xf5\
\xf5`\xdc\xf2tf\xa6\x8fzf\xc0\x90E\xcfy}\
\xe2\xef\xc1\xc8t\xe4\xd3\x00\x99D\x04\xeeB\x06\x08\xee\
\xc3>\x15\xec\xc5\xe9\x93\xf7]B\x12\xf2\xb8\xd9\x1d\xc8\
\xdd\x99}\xbd\x8f\x1bG\xd7\xdf\x8d\xd1\x80\x8a\xba\xe5p\
\xf2\x08\xe5\x98H\xdf\xc8I1\x8e3=\x1d\xc9G\x85\
<:\xa0\x90\x09\xc0\xc5\x81\xa1\x1f\xe8\xcb::)\xd6\
mLD\x7f\xdas\xfe\xde|\x99\x05Pv9\x98\x07\
\xde\x86\xe5\x0c\x80y\x5c\xc0\xa1g\xf7\xf7\xe6\xd4\x8c\x1e\
\x1d\xda\xf1\x05\xf4\xf3`\xdc\xf0v\xa6\x95\xa3\x9b=\xc2\
Q\x91\x7fs\xe0\xd2s}\xdd\xd9\xd5\x01\x01S\xbbi\
E\x9e\x1ez\xb5\x9dp\x99t\xa2Z*\xd7xu\xbd\
\xc30B\x82\xdc\xfck\xd7\xf6%\x0cDE\x1dLM\
M%Po\xf4\xd9RQ\xab~\x19\x8f\xc71\xdb\xcb\
\xc2\x99\xb8\xeeB\x12X\xfc\xac\x1b\xd8\xf8c\x15\xf2p\
\x83\xbd.\x8e\xe4\x15\x12\xa9\xf1\xeb\x98A\x0e\xdfP\x09\
:\xa7\x93ym\x07\xa2\x03hD\xe8u\x1c\xbd\xd0\x0a\
&\x84\xf3\xf2\xcb\xeb\xd4\xde\x1c&Q9\xc8\x852(\
yi\xa4\x02\xd6\x05\x07\x22\xc3\x16\xfd\xf5{I\xa5\xec\
\xb9\xee\x8c\x08\x8c\xb0=\x1b\xce\xfe\xcf/\x9bF\x1dE\
Ew\x01_\x09\x06\x0dTcrr\x905\xb4\x9c\x9a\
j!\x94\xa8\x8aY2\x19|a\x09\x80\x0f\xe6\x85\xc8\
\x91\x16\xbc\x87\x87\xcb\x82{7\xa5\x80\xbdyq\x98\x1c\
\x15<\x10I{\x8a\xb8\xb0~*\xddd\xe9\x5cv\xe5\
\xae2V5\xfb\xaa\xfapbbGg/)\xe9\x1a\
\x19\xb8j\x89\xc9\x8b\xc3\xd4\xa8\x08)\x7f\x8b*Q\x18\
,;\x96\xf6\xbb\xef{\xfb0\x00\x00\xa4\xf6\xe5\x9fF\
zMAV\x7fs5f\xdf\x99\xeasb\x99\xfe\xae\
\xa7\x04\x8ed\xbf\x10\xef\xf8|\xca;\x11GP\xd1]\
,\xdbZC\xc3\x9b%\x1dv\xa6\x19I\xc6\xb6\xb6\xd3\
\x0a-!\xe6\xddi\x1e\xe0\xfd\xef+\x00\x81D\xdc\x95\
\xbe}\xd8\xcb\x1f\xef)\x98r\xe2\x92\xfcP\xe4\x00\x16\
\x81H\xa6\x82\x8cb1x\xfd?\x1e`\xf7\xf1F\xc0\
f\x18o\xf9\xf9\x11\x07mY\x18\xdb\xb6xcV@\
\xb3\x8a\x9c\xc7\x22i\x86_\xba\xa9\xbbT\xdd\xa8\xb2\xba\
{]! \x0a\x92\x10\xc2?\xf6\xfb\xd6\xf8\xe7P\x11\
\xc6SJ\xaf\xb9X\xa7\x0b\x9a\xf1J\xb5\xe9.\xe5\x80\
\xd33\xa2\x83\xf8\xc5\xf7R\x0e\xc8\xe7+<5[W\
\x86\xa8\xda\xd3\x8fH\xea\x8f\x8b\x1d\xc6 \xe9.|\xb8\
\xbf\x1a\xbc\xf1\xbc\x07h\x95\xe9\xa7\xc2\xbc\xa7\x0b\x153\
\xfa\xb9\x93\x09$\x0a\x05d\x14\x89\xc1\xdaY\xde`\xd7\
\x89z\xc0\xa4\x19:\x94\x03\xe6+\xa8R']\xb8\xd2\
\xc2\x10\xf2Y9\xf5\xad\xdan\x95\x03bA\xfe\xd5I\
\xad\xd3\x970\x9erzMAj\x1a5H\x1f\xc4\xbe\
\xff\x01;~\x1e\xce\x0c@\xad\xaa\x0fCE\x7f\x0b8\
\xe5\x22u\xc3\xf08\x0eYw~\xed\xee*\xa0\xd3\xd9\
\x1eb\xbd\xc1\x04\x0a+\x94 \xbdP\x0c\xde\x9b\xdd\x07\
|t\xe0\x16\xa0\x11\x0d\xd5\x91\x81nSJ\xcb\x8d\x8d\
\xae\x93O\x1a\xdd\x9f?e\xa4P\xa8\x89s\x12\xdc&\
f]\x16\xff\x85t|\xade\xbb\x03*N\x8b\xecA\
\x86\xdd\x9el\xd6|y\xe1\xcd\xb7\xb6d\x8eD71\
\xfe\x01\xbd\xa6 J\x8d\xb1\xe3u\xd7v\xc8D<\x88\
\x08\xe4\xed\x80\x91%T\xf4\xb7\x81~\xfd\x7f?\x19\x1d\
\xe7\xefJ8\xdf\x1ej\x81\x0b5\xe0\xf0D\xb0f\x96\
/\xf8\xf8\xa7*\xc0\xa6\x18j\xa2\x07\xb3\xa7\xfcY\xd4\
\x94\xa5P\x1bn\xc7\x04{\xd0\xeb\xfe;\x8et\xe1\xeb\
x\xbc\xbb\x03\x10\xddl\xd4't\xd3?\xb7\xc3\x0c_\
\xbc\xf8\x17\xb3q_q\xd0\xbe\xb3\xd2\xadgKLg\
\x1fd\x8e\x16F\xf7\xf4\xda\x8d\xa3\xd2\x88v!E\xf8\
1\xb4\x1f\xc7\xe8\xa3S-GE\xff\x13\xa5\xd7\xf4\xa3\
\xa9\x14\xdb\xac\x5c\x1a\x99\x08b\x03\x18\xe0\xf3\xd4j\xc0\
g\x98\xab\x86\x0cp\x9av&W\x95n1\x1a\xaa\xfa\
\x08\x89\xa1\x87m\x1di\xe4\x89\xc7Y\xbe>.\x1b\xa5\
\xd5\xd9M\xd9\xea\x16\x22\xa9\xd7\xbag\x8f\x04\xb3\x898\
\xc8h2\x13\xb5\xa8\x95\xc5\xf8g\xf4\x9a\x82\xc4\x04\xf0\
\x00\x83v'R\x0a\xa7w\xe3\xf0\xb8\x9fzc\x8d&\
\x9d\xde\x08\x0ee\x8a\x00\x9fe\xb9\x11\xe8\xc5})\xb3\
Hz\x92\x847\xdd\x18:\x903\xcc\xdb\x9dB\x1f\xb3\
,\x9b\xbfbK1#iO:\xd5d\xd4}\x88\x16\
\xeb\x11\xa8\xccN<\x1a\xba\xf5o\xa5\xdd\xbd\xfdw+\
\xfa\xe3\xa6\xd7\x14$\xd8\xdf\xb1\x1c\x8f\xc7\x8b\xda\x8d\x88\
\x19q\xeco\xd6\xab\xe7,\xf8(\xf7\xe7\x85\x9br\xdc\
m\xd2\x87\x03\x9e\x80\x03C\xfc\xe8e\xa1}\x993\xb2\
\xcb\x95G($s\x19\x8fG\x1b[T\xa6\xf8\xe9R\
\x99N\x5c\xd9\xa0\x10\xdf\x10\xc9\xb6\xde\xbcM\x5c\xdc$\
\xd1\xe3z\xea\x9cw\xc6[\x88~\xc0x\xaa\xe9\xd5\xe6\
\xc5o\xfa\x99\xea\xba\x966\xaf\xf6\x07\x12\x1e\x0c.\xce\
\xe0\x22`\x00\x17!uv\xe6\x17\xc3~\xb4\xed\xf9\xfb\
\xf8\x8d;A\xa19S\x9b\xaf\xee\x1d\xc9\x1d\xfeF\xe6\
\xaf\x1a\xb5\xe6[\x0e\x0d\xe9[\xebI9\xcf\x85\x11\x03\
r\xca\x0d;\x8cf\xdcp\x1e\x871\x0f\xf17\x92\x15\
\x1a\xcbL\xc4\xe5\xdb\x97\x96\xdf8\x10\xe9\xb1\xa0\xb5t\
\x0f\xa2\xd8\xe0\xf9X\xfe\xd8\x03\xc9\xf1gPQ\xb7\xc0\
\xb1\x8f\xd37/\xfa\x14\x96\xb6\x82\xae\x03\x0bc\x86\xb8\
\xaa\xb6-\x0foD7\xc1\xe7G\x8a\xb8\x87\x8e5;\
\x8c\x8dt\x97$\xbf\x1cd\x1d\xac\xec\x89Y\x88\xb5\xab\
\xbd\xd5\xe42\x5cx\xb1\xaa}\xc1\x05\xc8\xd6C\xd7\xf8\
\x199\xad\xfc\xcaV\xebpN\x07B6\x05\x0c\x17\xba\
\xd7\xb4\x8f\xc9@\xd6\xef\xb92\xf3\xab#\xd5?\x12\x89\
\x0409\x9a\xb9\xf2l\xb1\xec7\x00\xb4\xc0\xd5\xcd\xb7\
5ms\xcf\xe3/\xebw\x16\xfb\x9c+k\x22\xd4\xb5\
\xea\xac\xf5F\x05\x08\xc1\xa6\xd7Co\xa2\xbb\xed\x98\x9a\
t\x8d\xdc\xd2Z\xe7\xe9\x88\x1c\x1b\xba\xb1\x0b\xb7\xe4\xf8\
\x5c+o&\xe8\x90\x9b\x11\xe8\xcb\x06?&\x8f\x80\xb3\
\x86\xed\x9a\xa3\x8d\xdf]q\xca)\x15\xb3\xe05\xb8\xc3\
\xfaC\x5c\xb4\xc9\x8b\x06\xdds\x89\xd8U_\x16\xf8\x9d\
.\xaa\x03\xb0\xde\xce\x0c\xf6u\xd2\x1eH\xee\x9d\xe5e\
\xdb\xe9\xd5\xce\x9b\x9f\x1b\xb9\x0e\xaeE\xd5\x0e\xbcSp\
Q\xb7\xda\xe66\x00L\xc67m\xd2\x87\x0b\x01O\x90\
{\x098*\xbd\xde00\xd0\x8b\x96v09\xf2\x97\
\x83\xebc\x02O|\x1a[\x5c\xdb\xd2\x16\xd0\xde\xb1\xef\
\x09\xb8\x97A%\x80\xb2\x06p\xd5&\xe9\x1e\xb8\xa6\xd7\
\xd7Y\x99\x9fg\x5cVT\xd4H@E\xa3\xd8\xd2\x91\
\x9a\x90\x94Q\xd2\xf6\x15\x9a\xd5JV^\xdb\xfc\xaa\x16\
}\xc5\x9fE\x92\xfb\xbax\x0a\xb1\xea\xd4\xf5zS\x85\
\x94\xf5l\xc7\x9c\xb0q\xab\xb3\x84\x87\xd3[\x0b\x0bn\
\xa9\xac\xf5w>\xde\xcdFc\x85\xd6I\xbf\x0e\xcd\xda\
\x09\x1c\x10\xcb\xb5`\x7f\x9at\x8b\xf5\xbc$\x94\x0a\xb9\
X\x9a\x89\xee\xb4#aE1c\xca\xdas\xbf\x1f\xc8\
l\xb9~\xa5\xd2`=FY\xad\xa1\xe2H\xb6\xa8b\
\xfc\xf2\xac\xac\x91o\xa6\xd9\xbfT\x83@%\xa9\xbe\xad\
@\x8e\xad\xd3\xb6\xee\x8b~\xf9\xcc\x91?s\xa5\xe57\
\x9bp\xd6\xfb\x91uMS\x118\xfbL\xe6s\xab/\
\x06\xc3\xbc\xf0\xcd\xc4y\x1bs6\x1c\xc8j\xbe\x92\x0f\
\xafAb\xa9\xb8Rg\xa88\x94\xd5\x5c2\xe3\x83\x8b\
\xdf\x85.\xca'Y+\xed\x02rNo\xff~Q\x5c\
Q\xdb\xd4\xe5\x1e#\xe5+\x9b\x94\xa5\xebw\xe7y\xa0\
Y{\x85^U\x90&\x19H&\xc2U\x19\xba\x00\x15\
\xa5\xaaI\x7f\xc5\xb6\xf5p\x91\xaa,\xd5s\xa6\x84\xb4\
@E\xc0!\xaeWg\x1aD\x0f\xd6a\xe5\xb1(\x8a\
\x19\xc3\xcd=f\x86Q!\xb5\xb7\xebg\xc57eo\
\xc0\xb5\x83\x85<z\xb9\x80\xc3\xc8\x13\xf0l\xc9\x01I\
C|i\x15hv+n\x02B\x93Vo\x01\xd5\x0d\
\xf2\xc5I_\xf6<\x9d~\xd9\xd6s\x91\x857d\x11\
p\x8a\x8eJ\xad\xfa\x05\x15\x03\xb1HWx\xf5\xa6\xc4\
\x8bF\xc6\x9b\xf9\x9d\x8e%D\x92\x8b\x80\x9dW\xdbL\
\xdc\x8df\xb5\x03\xaeS,\xe0\xd0m\xe7\xc5e\xe4\x91\
I\xd4=\xe8\xae\x0e\x02\xa6\xa62oT\xd7\x9d>s\
\xa9ub\xabLK\x12\xb0\xc9bx\x0c>\x8b\x5c-\
W\xea\xc1\xb9\xab\xa2\xb8\xeb5\xda\x02\xaf\xa9\xe9v\xe7\
\xad\xd1\xe8\xfc\xe02G\x19E\xb2iWo\xab&\x19\
\x8c&2\x8bI)\xe4\xb2hy\x14\x12\xce\x5c\xd3\xac\
\x8a+*\x17]\x9e\xf9\xc1\xf9\xf5Gk\xe36\x1e\xbd\
\xd0\xb4\xb6Q\xa4vt`\x93u<6#\xcf\x91K\
V\xb6H4\xec\x13\x17\x9b\x16\xea\xb4\xd2}p\x99&\
\xb4j+\x8b>\xbe8+\xbdH\xba\xa5^\xa4\x06B\
.\xb5\xa6\xfd\x9a\xdb\xaf\xc5\x81G;i\xc4\xa9:\x96\
y\xea\x0dzUA\x12B\x88R.\x93\xa4\xef\xae\xd1\
&\x00\xfd|\xf4c\xaf\xd1\xf9\xe2\xbe\xfd\xb5\xd4Eg\
\x0d\x0f\xdc\xc7\x82 \x16\xcf\x85O\xcb{{\xe6\x08\x11\
*\xba\x8b\x12\xc5E\xca\xedf\xf5\x9b0\xf0\x10\xd1\x9f\
\xf3\xda\xb2i\x01\xa17\x0f&D\xdc\xfc\xc9\x96n \
i\xf7\x9a\xa8w\xd1\xecV\xbe|;\xe6\xe7>\xce\x94\
*Y\x9b\x9e\x98]\xa9]\x85\x8a\xef\xa2Y\x0e\xb6\xcb\
\x14z\x12\x9fM<\xe9nJ\xbf\x0ee+>\xcb\x9a\
]v[\xed\xceeQ\xcdqA<\xff\xae\xc7\xca\xdf\
5,\xe2\xa7\xe4\xe0*k\x05vX\xe0\x82\x14`\x96\
\x7fBT{\xde\x0b\xdf\xc4mGwZY\xf2e:\
\xd3L\xe2\x9c\x16\xc9u1\x8e<\x9a\xa4\x8f\x1b+\xfc\
\xc5X\xfe@x\x8ci\x09\x8e\x83\xfb\xb8\xd2\xfd}\x5c\
\x98U2\xa5\xdeMoR\xe7\xbd\xbc!\xb3\xe3\x1d\x1b\
\x08t\x9f\x0d&\x0b\xf0ucJ#\xfcyC\xc3\xa6\
\xc8\x87V\x1e\x1a\x13\x11\x1f\xcc\x1f\x10?D\xf8\x97L\
i\x04'rD\xefU\xd6)V\x11\x08xc_O\
\xe6\xdc\xe7\xe3\xb9\x01\x95H\xfd3F\x09\x02=\xdd\xf8\
\xe3\xc9d\xa2\xe6v\x93r:W\x83\xebX\xfd\x05R\
#2l\x81Q8g\x07\xfa\x17sb\xe8!\xed\xd7\
\xdc~-\xc76\xc5LK\x9e?\xa2W\x07\xaczU\
A\xb6\xbc\x11\x9b\xdf\xd7\x83)\xe9:\xab\x14\xc2D\xdc\
\x98G\x89\xc5b\x19\x0cp\xf7\x1f\x0f\x80-.\x91L\
\xb4{\xb8\xbbRW\x0b\x80\xa4\xcd\x04\x08\x04\x9c<v\
\x90\xe0\xf8\xe2\x89n\x0f4_\xc9\xdd\x85\xb6\x06\xd1@\
p\xabA\xfb\xf2\xf6_/\xdf\x15\xa8\x98\xb0\xea\x0a\xef\
d\xbe\xdc\x1b\x06\x1d^\x1c\xee\x94\xd3\xde\xff\xa8\x97\x02\
\x1e\xb0\x98A\xa0\x0f\x1d\xec]\x17eg\x99\xeeGw\
\xf7\xbe3\xb7\xaaq\x13\x1bD\xeah\x16\x83*\xf1\xf3\
dE_\xda9\x22\xff\xbdWl}\xa7\xe4\xf9\x83e\
\xd9\xdf\x8e\xba>\xd0\xc78\xd8I@\xbb)\x97k=\
\xae\xdc6-\xb3\x16D\x81\xd5\xf3\xd9\x14\xe9@\x1ff\
\xcc\x91M1\x97\xda\xe7\x83\xedZ\x13q\xe3\xd8\xa6\xd8\
Q\xe1\xfe\xecr\xf8B\x17\x1c3\xf6u\xe7\xac\xcbK\
\x19\xb5/y\xc1P\xab2\xaf\x9a\x1bVS\xfc]\xdc\
I7!o6\xdc.\xab\xd3\xce{i\xf3y\x16\xfc\
\x0cQi\x0dB\xb8\x0cm\x5c A\xb4zI\x9c\x14\
\x15?RzUA <\x16i\x05\x9c\x81\xda\x19\xd8\
\xea \xad\x03~\xd9\x17\x97z\xa5\x1f\xd2\x1d\xaf\xbe\x10\
x\x82\x84\xc7#_\x93]\x9f\xd1\x0e\xf8e\xfb\xb80\
\xc4/\xc4\xd1\xef\xd9\xf1s\x8f\x02\xc0U\x80\xd8@\xa3\
\x99s\xa6@\xfc\xca\xf6C7\x1e(\xe6ulS\xfc\
!\x07.\xa5\xbcI\xa2\xa6\x1f\xcdh\x19\x83\x8a;h\
\x16\xb7\xcc\xd1\xe9\xf4\x8e>\xae\xccF\xb3N\xde\xf1\xfe\
\x88\xa73\xa1\x12\x87'\x80\x82\xf260\xe7\xa3\xbc\x89\
\xa8\xf8\xa1\xd0*\xd5\xbd\x0e\xef\xc8\xc8`\xda\x95\xd3[\
b\xad\x16\xab+\x07\x92\xc7+\x9e\x19\xc2>\x00\xcfA\
\xa2P\xdbY~x\xcf\xbc\x9d\xe9\xd7\xf6\xaf\x8b*C\
Ev\xc4\x0c`\xec\x86\x83\xb8$\x22I\x1b\xe5G\xda\
\x86\x8a\xed\x08\x8f\xa0\x1e\xc5\x13\x88\x8d\x22\x99\x8e\x96u\
\x85\xd8\xa1\xd1\x0c\x1a\xe9\x1a|\xd9\xee\xaf\xcb\x86\x80\xf5\
{/\xf9\xa2\xe2GJ\xaf+H\xe0\xa8\xa8\xd4~\x1e\
\x0cY\xd7\x86\x0cN\x0f\xc9\xb8\xac\x1c\x8an>\x12\x04\
l\xf4C\x0fP(D\x10\xe1O\xfba\x09\xec\xc3\xdc\
\x83_VDk\x84\x1c\xe6\x1b\xd0\xda\xe4\x97IWm\
\xffo\xf5\xad\xbe/\x9e\x91\xdb\xd2\x9f\xf2\x88\xc5\x19\xf2\
\xa9\xef\xe7,\x82+\xd7\xa3E:\x08\xf5cY\x97\x15\
m\x94\x9a?\xb0\x0aPV\xed\xc8\x15\xd4\x8b\xf4\xef\xc0\
\xa0Ft\x7f\xf2W\xc9\xaf\xdbV\x85\x84|\xf2Z\xcc\
\xf1\x10?f\x91Zg\xc4\x9f\xcei\xfe\xcdwz\xfb\
\xb1\xce\xc8\xfb\xcf\xf8S>ji\xe6\xd5\xd7\xb6\x15&\
\xa0\xd9\x1f\x98\xed\xfbo\xb0[dF\x078\x13!\xbb\
\x5c\x13\x0b\xcf\xfd\xceu\xd8\xa7SE\xcaU\xd6\x97\xc9\
\xda\x00%\xe5\xe85O\xb4\x0a\x80G,\xa2\x1b\xaf\xe7\
\xbe\x9d\xd0\x9b\xff\x05\x5c\x05\x92N%X>G\xee\x1b\
*\xb6\x03\xae5\xc0\xa0\x12\xcd0\x80#\x11\xdf\x09\xf0\
\x0dp'\xad\xe1\xb0\xa9H\xc3\xa1\x9e\xbe\xfbx\xeb\xb5\
;\xe7\xf3\xa7<\xe4\xa5\xbf\xe4\x09\xcb\xcf\xbf\xf3\xc6\xf6\
\x9c\xfb|\xab\xff\x1b\xbd\xae p\xf9J\x1f\x17\xd6k\
4\xca\xddA\x0ag\x1e~2\xfa\xf1\x91\xe0\xe5\xdc\xbe\
<\xd6\xdd\xc0`[_\x17\xba\xc8\xc3\x95\xf7)*\xba\
''\xb7F\x7f\x15\x13\xc4]\xe6\xe5L\x07:\x9d\x8e\
\xa1T\xeb\xd80\xb5\xa94\xeck\x95R\xf6\xd9\xfc\x96\
\x94\xf3M\xba]h\xf6\x0e\x84\x14\xdafo\xe4<\x1a\
DZ\xf7\xc9k\xceu\x5c\x7fe\xaba\x8eR\xa5s\
\x15\xf2h\xf5D\x1ay\x07*\xee\x00\xef\x80\x1b:2\
\xd4\xb1\x90E#\xe2\xd4\x1a\xdb\xb1`\x12\xc9\xd4\xec\x8b\
%\x92\xa0\xd3\x17[O\xad\xfd\xba\xc0\xea\xaa<(8\
\x9a\xd6\x95\xc3 \xf6\x85\x16]\xa96\x12\x95jmG\
\xbd]\x93Z\xa3\xa7\xf0Y$\xe0.\xa4\xe9x\xdaR\
\xbb\x9f\x9d\xc3\xdf\xa3_\xb7t\xbcmj\xfd}<\xbd\
n\xf7\x7f\xfeV\xd4\x89\xb1C\x05\x93B\xfc\xb8\xc0h\
2S\xdb\xcf\x05\xde\xe3\xaa:9;\xe7\x9axsY\
\x956;\xe9\xcbkL\xb4\xc8C\xa7\xd7\x15\x04\xe2\x0f\
N\x1c\x8c\x0b\xe6+\xbb\xfa\xc3r\xe5}_Kx\xa8\
\xdc\xa8\xd3\xdb-\xd1\xd9\x19&\x83\x0cF\x85\xf1\xf7\xbe\
7;\xa0c\xec\xe2>X~\xdf\x14\xb7m(\x99G\
vvl \xbb:\xd9\x92\x9bs#yL\xb8p?\
t\xe5\xce]\x95\xcfzv\xd1Q:\x9a\xdf\xca\xce\xe4\
0\xb5\x0b\x9f\xba\x1di\x8dqb\x99\xde\xeaF\xed\xf8\
o\xa9\xa0\xacZ\xb5\x1c\xaeL2\xc0\x93\xf6\xe5\x0e\xf4\
\xbd\x95\xced&\x8f0\x86m\x8e\x09\xe7pj:\x8e\
\x05\xd3\xe4aN\x1e\xd1\x81\xdc\x96F\xb1\x0a\xffS\x86\
h.\x9a\xfd\x81xs\xca\xc0\xeb&\xb3%\x87D\xc4\
\x83q\x11\x82\xac\xce\xf5v\x97\x5c\x90\xc4\xf7\xc6\xbb\xc0\
\xe5S\xd1*z\x9d\xbd\xab#\x7f\x0f\x1a\xcc&;:\
\xd4w\x9c\x07\xbc\xc7\x89\xa3\xdc?\xe62\x89\xa0\xb0B\
\x11(\xd6\xca^@\xb3?t\x1e\x89\x82\xc0\xcef\x1f\
'\xd2\x08\x17\x07\x9a\xa9\xb3\x8e\x94\xd7hHs7\x9c\
\xef\xb4\xben\xef2.\x94n\xc2#\xfepW\xe0\x1a\
U1\x03\x05\xd76/\x09]\x89\x8a\x1e\x18\xb8\xacg\
\xc1\xce\xc5v\xe9\xc8\xc7\xb1s\x9d\x85\xcc\xd6V\x99\x16\
\x1f\x11\xe1w\x975\xb0PuI\x8e|:\xb8^\xa7\
\xf1^\xb8)w\xec\x8f\xc7\x1b\xdc\x1aZ\xb5\xee,:\
\xb1\x0eG\xc4\xf7\xb8B\x22|\xb7\xbe\xeb\xb1\xe0\xef0\
:0\xc0\x04\xc4_\x07d\xa2y\xd4\xca\x1d\xe7\xad\xeb\
z\xc1k\x82\x0d;\x9c\xba\xdf#8\x9c\xc5\xc7\x99v\
\x06\xcer\xc8+ks\x1f\xe4\x1bH\xedZ\x7f\xd7\x04\
\x15\x15-\xfd\xc8\x80.X\xd7\xf3\xd8\xf5n\xf8\x9a\xb0\
~\xccb\xbd\xd1\x02*\xaa\x9a^D\xb3>t\x1e\x89\
\x82@\xb6-\x8f\xc8\x0f\x1f\xc0y\x85L\xb2\xb9Z\xd0\
\xac\xab4FRF\x91\xbc(|a\xda/\x91\x8b\xd3\
\xd6\x8d^\x9a\xb1.lA\xda:\xd7I\xc7\xd6Q\xc7\
\x9cY\xe701m]\xc0\x92\xf4\x87f>SV\xc7\
m\xf7t\xa6\xda))t\xad|\xdd\xe8b'!\xed\
\xa1\xbd\x1c\xb5u_\x81\xaf\xd1h\xa6\xc3US\x0cF\
\xcb)T\xdcA\xda\xe6\x04\xb9\x90K\xdd\x0d\x17\x5ch\
\x94\x18\x0e\x90\xc9\xe0\x0f=\xe2\xdf\xc7\x04;\xdc<\xbe\
\xe9\xefGk\x1a\xe5\xb6\xc5&H\x04\xbc\xc5\x01\x9dB\
F\xa7\x11\xaf\xd2\xc8\x04#<\x86\x82\x7f\xb9# \xf0\
\xf1\xee\x9c\x91p\x90\x13\xdd\x04\x0e\x0c\xea7\x02\x0e\xb5\
\xb9\xb6E\xd3\xa7\xb6\xc1X83\xe9\x84\x9dO\x0f\xdf\
\xf0\x9c\xb6.\xefL\x9f\xc4\xe3\x96\xf9\x1f\x17\xff\xadU\
\xf0{\x19\x9cXn\xeb\xfbp\x98\x94\x8e\xd9\x06\x0f\x9b\
\xbb\x9b\xd3^$59z\xd73\xcb3\x13\xb2\xaeJ\
\x12\x91\x07\xc8*k\x92h\x91\xa4\x9b\x82\xb8_S\xac\
\x02\x04k\x9bg\xd1\x02\xa5\x11\x07\xbct\xccPdc\
\x12r?\xeej\x0a\xed\x1d\xb6\x07\x03G\xa2\xc5\x90H\
\x9a\x1c\xbd\xded\xf5{\x05\x5c\xaa\xdc\x91G\x1f\x9a\xb2\
l\xf0]\xeb\xe3\xde\x8b\xc9\xeb\xb2\xa7\xd65\xaa\xc3\xbb\
\xber\x0f\x17\x89\xdbp\xb0\xc9\x07\xf6K\xfaz\xb2\x8d\
mJ\xf91t\x97\x1dcCY'\xebZ\x95/e\
\x14\xb6\xc2\x85\xe1\x04\x88\xc2\x98\x08x\xfdb\xdb^{\
\xe0\xd2\xad\x0d7U\x1b\x10e\xba\xeb\x92\xe5*#\xb8\
Q\xaf\x9c\xad\xd5\x9b\x01\x87A8\xf9\xee\xc2X\xeb{\
\xeeoM\xf5\xbf\x12\xb9\xe8\xec/W*\xe5\xd3\x8f\xe7\
\xb6\x9c\xec7\xfd\xcc\x16\xa9\xc6L\xd8|\xb8uyp\
\x1fG\xf8\x82\xa6u\xd0\xef\x87\xe4\x88\xa6U\xdf\x14\xec\
\xd8}\xb2q\xed\xf9k\x12?\xa4\x8f!w\x9dt\xea\
\x0bG.Q\xd7\xdc\x86\xd4}\x1c\xff\xf6\x8d\xba:\x1c\
\x89H\xd4\x9b\xf5\x9aG:5\xf8\xf5\xcf\x0aG#\xfd\
\xab\xbb\xa2}\xf0\x9e\xb7\xc8\xf4\xc2\xe2*e\x08\x8bN\
25\xb61\x17\xa1\xbb\x1e:\x8f\xcc\x82\xb4s\xf2\xb3\
\xf8i}<\xb8\xfb\xe0r\x9cw@\x1c\x01\x8b\xed7\
/`\x821\xff\xf6\xc7_,7M\x5c\xb9\xa3\xd0n\
p\xea\x81\xe8\xc1\xb3(\xdb3,wb\xb4\xe3A\xb8\
\xf2\xb9\x03\x87j\x9e\x95\xe0\xfc\xcd\xd9mq\xdd\x0c\xb2\
\xf5L\xe4\xb2l\xda\xe5\xeb\xaa\xd4kU\x8a\x95%\xb7\
\xecSy\x8db\xa5^\xaf{\x81\xc7\xa6\x89\x07y\x13\
'\xf6\x14\xb9\xf1\xee\xcb;\x16\xe0\xc5,\x80\xee\x0d\xc4\
\xcf\x8d\x99y(y\xd8\x0d\xebF\x17\x8c\x22\xc3\xbc\xf4\
b\xf9;]\x8f\x05S]\x8bj\xa5Zcr\xee\xe3\
\xce*\xb6\xb0\xdc\xa6\xa3E\xac\x8c\x1e\xea\xfaAH?\
~S\xa3X\x0djZ\x94+\x95m\xaa\xe5f\xb3Y\
)\xe0\x10\x0e\xa0Y\xaclz5t\xa3\x99\xc0\xf2\xf5\
t\xa4\xdel\x95\xe9\xcd\xd26\xd5\x9b\xf0:dR\xd5\
\xca\xeaf5\xceU\xc8h\xe5r\xe8Q?$E\xd9\
\x0d\xe4\xe1\xf0\xc468Q\x82@\x22tD\xdc\xba\x03\
~\xd7\xe4\xfb\xbc>\x00\x7f\xcb\x04\xae\x03\xc6\x17t\xfc\
j\x05(\xa9V\xfeZrK~\xd75\x97\xddV\xac\
\x94(\xb4\xf3\x18T\xa2\xd1\x91\xcf\x5cx\xee\x9b\xf8\x07\
Z\x95\xff\x9f\xf0\xc8\x15\x04ru\xf7\x88\xb9\xfe^\x82\
\xef\xe0\x82j\xddE/\xda\x81\xcfN\x8bL\x07\x07\x8c\
\xb6\xa0\xa2\x87\xc2\x81uQ3\xe2\x83\xb9\xbb\x9e\x09\xe7\
OF\x1e\x8e\x07^j\xb4\x1d\x8f\xa8:\xbd\xaf\x1b#\
\x91@\xa2%\x12\xc9\xf6ib\x94C\xaa\xbb#3q\
\xa0\xbb\xc5m_\xd2\xf0\x93h\x91\xbb\x98?\xc2G\xeb\
\xe5\xcc\xdcN\xa3\xe0\xe1\xf2A\x06\x8e\x80\xdc\xe3\x98\xd0\
\xee\xb5Q\xdf\x8d\x1d\xca\xff\xba\xeb\xb1\x90\xf2\xaf\x0e\xee\
\xc7_\x1d\x1b\xc8J\x5c8\xca3>{\xcb\x00\xeb\xab\
\xc5\xedlX8\xe0z\xf67\xc3]\x22\x070\xa7\x8e\
\x09wH\xe10\xe9\x89\xf1\x01\xec\xc1G>\x8a\xbb\xcb\
U\x12\x1d\x89o\xbc\xfe\xf3\xf8\xbe\x93b\xf9\x93\x84<\
\x96\xb5~\x0e\x87\x958.\x94\x95Xyp\xaccM\
\xaa\xed\xc7\x8a:S\xd5\xac\x9a\xc1\xe5\xd2\x13+$Z\
;\xc5\xec\x8a\x9f'sjh?\xee,t\xb3[\xe2\
\x060^q\xe6\xb3\x12G2\x88\x1d\x0dJ\xa3\x14\x84\
\x8f\x0a\xe5\xa7t\xbd\xee\x09\x91\x0e?\x09y\xcc\xc4Y\
#\xd8\xe3.\xef\x8e\xdf\x8bf\xef\x15\xee\xad\xd6\xbd\x0b\
n\xda{\xe7\xbe<_\x22_\x22Q\xe8\xacf\xb3;\
\xa0\x02\x85\xf4\xe55\x86\x07h}v,\x1d\xdf\x11\xf6\
\x82\xb3y\xe9\xce\xd4\xe6+v\xb3y\x0d-5rz\
J\xf9\xfeQ\x91\x09\xaf\x9f\xba\x1d\xd2\x8fS\xb4\xe5\xcd\
(\xc4={\xf2\x803\x81\xbf\xcb>w\xfcb\x89x\
l\xb8?\xff\xcf\xf4\x1d\xf1w\xb9\x12\x18\x8f\x9f\xc7b\
AP,\xfe\x84\xd87\xe2\x83\xf9\x09\xfe^l)\x0c\
5\xf6dMj\x9b\xd5.T\x8bs\xc7\xe0T;\x1d\
\xd9;>t\x1aky\x9c\xaa\xff\x00\x1c-\xcf\x0d\xaa\
jP\x8d\xe52\xc9\xc0\xdd\x91q\xdf\x19\xbe\x18\x8f\x87\
\xc7\xa9 \xd6E\x18~J\x8eN\x1b\x13\xcc\x0b\x89\x1b\
$\xf8\xc1M\xc8\xb0\xfa\xab\x9d\x15\x05\xbaY\x926\x03\
hi\xd3\xdd=\xc1\xaf[%\xb0]\xd2\x93\xac\x1fI\
)\xf9\xfe\xf5\x22\xed_\xcdR\x0d\xe8\xe3\xc6\xc8\x08\xf6\
\x22\x16\xa1\xbb0\x9e0\x1e\xab\x82\xb4\xb3\xf9\xad\xb0\x9a\
I}\xe9/?\x17\xe30lT\xa8\xe3%w!\xcd\
\xfaC/0\x04kS\x16\x0b\xa8\xa8\x95Y\xf3v\xe6\
\xce\xc0c7\xea\xf0D\x5c\xd9\x1d\xbe\xfa\xf9\xaa\xc7\x8a\
\xcf.\x8c\x0c\x99\x97\x96p\xe4\xa2\xf4\xe2\xa52)\x1f\
\xe9Ch\xc3\xfd\xd8\xef\xac\x9c\x13\xa2B\xb3a<a\
<1\x8f\xd1\xe2\xc5a\x86mo\x86\x9d\x9b\xd0\x87\x1a\
\x13\xe6\xcfv\x1b\x1f!\xd8\xeb\xeb\xc6\xbc$\xe4R\x01\
\x95L\x04\xde\xae\x1c4\xe7\x1d\xe0\xef\xc2B\xf0\xe8_\
8\xc4\x02\x7f\x01\x16\xd2\xf9E\xad'\x81\xefN\xd5_\
\xde\x9f.9[\xd5\xd0v\xa6\xbaA\xc9\xf5\xf7d\xe9\
cCxS\xb6\xbe5\xe4\x12\x9a\x05\xe3\x09\xe4\x09k\
gm\x8ar09\xb6\xe1\xe0\xfa\xb8\xf9o\xc4\x0ab\
\xfa\xb9\x90\x1d\xd6Lw\xfaq\xa0#\xf3m4\x8b\x15\
\xbf\xbe\x00\xf88\xdb\xfa\x1c\x1e\x8e\x14$Q\x81\x8f;\
\x03x\x08m+\x9d0(\xa4B\x02\x91X`\xddx\
\x02\xa0P\xf0\xd5\x0e,\x0b\xf0tb\x94\x8c\x0b\xe7\xff\
\x18\x1e\xea\xe8\x9c\xb2\x22\xfc\x04\xba\x1b\x03\xe3\xe1\x93\xf4\
\xa5m\x94}\xcf\x9e[T\x18\x15J\xb2X\xf0\x8b\x92\
ls\x9f\xe0\x0f}\x22\x1d\x98'\xc6\x8c\xc0\xc1\xbe%\
I\xa9L\xeb\x9a\xb7\x18\x18\x18\x18\x18\x18\x18\x18\x18\x18\
\x18\x18\x18\x18\x18\x18\x18\x18\x18\x18\x18\x18\x18\x18\x18\x18\
\x18\x18\x18\x18\x18\x18\x18\x18\x18\x18\x18\x18\x18\x18\x18\x18\
\x18\x18\x18\x18\x18\x18\x18\x18\x18\x18\x18\x18\x8f\x16\x00\xfe\
\x0f\x11\xa6\x10e\x08e\xafL\x00\x00\x00\x00IEN\
D\xaeB`\x82\
\x00\x00\x08\x22\
\x89\
PNG\x0d\x0a\x1a\x0a\x00\x00\x00\x0dIHDR\x00\
\x00\x002\x00\x00\x00A\x08\x06\x00\x00\x00\x93\x89\xf7\xde\
\x00\x00\x00\x01sRGB\x00\xae\xce\x1c\xe9\x00\x00\x00\
\x04gAMA\x00\x00\xb1\x8f\x0b\xfca\x05\x00\x00\x00\
\x09pHYs\x00\x00\x0e\xc2\x00\x00\x0e\xc2\x01\x15(\
J\x80\x00\x00\x07\xb7IDAThC\xed\x9a\x0bP\
TU\x18\xc7\xcf\xb9\xf7\xee\x13\x5c@\x96\x81\x92|\xa4\
\x02\x915\x9559i\xd9\xc3f\xeca\x8f\x19\xd4\xb2\
\x9c\xac\x8c,\xb3\xb4\x08\xc1\xb16-\xc4\xd4B\xa5,\
\xb3IS\xcb\x04\xedM\xd4\xe4dR\x99N\x96Y\xa6\
\x86\x9a\x96\x0fP\x04WX\xd8\xd7}t\xbe\xbb\xdf\xdd\
v\xd9\x85e\xc1\x0ak\x7f3\xff\xd9\xef;\xf7\x9c\xbd\
\xf7;\xf7\xbb\xe7\xdc=gI\x8c\x181b\xc4\x88\x11\
#F\x8c\xbf\x0d\x9an\xcb\xe9yR\xaf\x5c\x8c~\xb7\
\xc5(\x18\xe4\xfa\xe9ooD7\x04\xda\xd36fD\
\x83\xc1\xfb9\xfa\xdd\x16\x13\xa7\xf38\x0b\xca\x0c\xe8\x86\
\xc0\xe1\xe7\x19\xcf\x7f&\x90\x88\xa9\x15\xcf\xeb?\x17(\
\xff\x03\xbaa\xa0\x84\xa3\xe4\xe6\x06o\xcb\xf9X\x10\x82\
\xc0q$\x813\x95ID>\x80Eaq\x8a\xee\xdb\
\xdcD\xceD7\x88H\xa9\x151\x90\xb3\xf4\x09Sk\
\xf2V,B7\x88\xcbJ''\xff\xda\x5c\xbf\xa2Q\
v\xdf\x8cE\x84'\xd4\xc1\xc9\xca*\x9e\xf2\xbd\x5cT\
\xba\x05\x8b\x89\x8epb\xa2`*\xac\xcb_\xbd\x00\x8b\
B0\x17\xe5\x94\xb5Pi4\xbaAt\xe9\x19\xe1\x14\
\x22\x09\xb2\xfc1\xbaA\x0cZx\x7f\xeaOM\xb5U\
\x81A\x00\x9cLj\xbd3\xdf{\xb8\xbf1i!\x16\
\xa9x\x89,\xd4\x89\xcd\xf3{\xce\xbb\xeb\x15,\x0a!\
^0}\x81f\xbb\xdcS\xf6R\xda\x9d\x1f-\x1c\xa8\
itY\x19\xdff \xec\x80\x9cb\x88\x9fy(\x7f\
\xe5~,\xf2\x93\xbbm\xa9\xee7g\xe3z\x96\x06\xd9\
X\x04wBL\xe0\xf4\xcf\x0dN\xecs\x03\xf8\xd9[\
\xecU\xe9\xb4\xc7p\x13\x11>S+ \x0db\xcb$\
\xeb\xdc\xbb\x1eG7\x88\xe1\xfd\x5c\xcb\x12\xa8\xa1\x12\xdd\
6\xa9\xfcc\xeb\xf2\xb5?o\xaa\x06\x95\xfdTUm\
\x15\xea2B\x02\x89\xe7\x0d\x9b\x938\xc3\xec\x01f\xeb\
\x90cy\xab\xe6bq\x10\xefn\xa8\x9a\xdc\xa2\x88C\
\xd1UI\xd5\xc5\xe7\x9e*X\xfb\xd4\x96GJ\xf6\x81\
_^^.\x1d.\x5cY\xe5tg\xdf\x18GuA\
\x17g\x97\x9dE\x19\x8b'\xf6C\xd7O\xf9\x98r\xe9\
T\xe1;7\xa6\xf3\x96\xdb{\xea\xcc\xf3X\xe7\xd4\xe2\
\xa1 d\xe8e\xf8\x04QE-\x0b\x09\xc4@\xb9\x0d\
'\x0b\xde\xb1UO]\xf6\x1d\x16\x05\x91\xbbt\xa9\xce\
\xa1\xb8g\xa0\xabb\xa4|\xf5\xd1'W.\x07\xdb\xfa\
\xfc\xb8\xb1\xa6\xa2\x9cJK\xf1\xd87\x86\x97<\x96H\
f\xcd\x92\xd3t\x09\xcf\xa9\x15\x11\x91(\xc6\x9a\xe6\xa6\
|tC8<\xfd\xcd\xf7\x1b\x9e|k:Q\x94\xc3\
X\x14\x916S\xab->ql\xbe\xce\xa5H)\xe8\
\xaaPB\xfdA\xbb\x14q\xba\x93J#\x1b\x15\xcf\xbd\
;\xbdu\xd3\x86,\x9b6 =\xd9\xda\xa0\xa7<\xd6\
\xf0\xe1Q\xa4\xb16\x9b-\xea\xf3\xb7E\xd4_\xd4\xe4\
q\x0fC\xf3/\x14\xaaC\x8bX\x04\xf3\xad\x89\x9c\xf1\
\x05#\xe1w\xdbE\xd7\xd3[\xeb\x0e\xee\xad\xaa\xd9\xb3\
\x9b]8\xd6\xf0\xe1!R\xd2:K\xed\x05\xe8v\x99\
\xa8\x03q)\xdes\xd0\xf4#\x12\xe9\xdaaK\x1eJ\
\x02\xfbh\xde\x8aC\xf6\x825y\xae\x19\xeb\xb2\x07\x99\
R\xfa\xb1\x01\xe0i\x81p\xcdj\xc5\x00 \xb3\x1d\xc4\
s\xae\xcf\xeb:Q\x07\x22)\xbe\x87+\x106\xb4Z\
\xb77\xd6W\xf6[01\x03\x8bTvL[z\xd0\
^\xb0\xf6\xd9\xfe=\xd2\xaeg\x0f\xae\x17\x8b\xfdxE\
Q\x8ff\x97\x89:\x10\x03\xa7s\xa0\x19D\xb3\xec\xbd\
\xfc\x0fO\xc3\xafq\xc5c\xbe\xb2\xcc\xb9\xa30k\xd1\
\xc4\xc1x\x88\xec\x99\xf2\xf2\xb7&*T\xa1\xeb\xc7\xa8\
3\xd4\xa1\xd9e\xa2\x0e$\x8e\xd3\xed@\xd3O/C\
\xc2\xabY=R\x1f\xc8LH}\xd4)\x8b\xc3\x1a\x89\
{\x0e\x9b\xf1\xb7\xb1\xa0\xfc\xc37{=9\x88\xa6\x0a\
\xcc;\xe7\x19\xad\xdb\xd1\xed2Q\x07r\x96%\xa5\x82\
g3>\xba*\xcd\xa2\xbbf\xcf\x94W_\xdf5\xf9\
\x95R\x0bg\xa8\x80/\xa5L&^\xf0\x7f?U\xb8\
\xa0y\xc3\xc0\xf1\x9b+\x1e\x9e{\x12\xdd.\x13\x12\x88\
\x8e\x0a\xc6'V\xce\x8fC7\x84\x1d\x0f\x95\x1c1q\
\xfartU\x9c\x92\xf7\xee\xd1e65\xdf\xed\x85k\
F\x0d?;{\xc0\x95\xd6\x0b\xcf9\x91\xff\xb6:W\
d\x96<\xd8\x97\x8dRW\x82\xad\x91\xc4\x99\x17\xa3\x19\
\x96)\x9f,\xb2P\xca\x09\xe8F$$\x90\xe3\xde\xa6\
\xfc\xc5\x87\xbfm4\xcf\xc9\xf90{ano,\x0e\
\xa2\x8f\xd92SPh\x13\xba\xc4M\xa4\x81\x15\xfb~\
y\xeb\xb2\xd2\x82d\xe6*\x1b'\x14\xed\xdf\x94;K\
\x9d\xcc2K\xee\xcb<\xe0<\xb1^$\xb2\x7f\x88\x8e\
\xa7\xfa\x8dG\xf2\xdf\x5c\x8fn\x10\xbd_\x9cp\xad\xb9\
x\xf4\xce%\xdb7\xd9Y:^\x84\xc5\x11\x09\x09\x04\
\xa6}/Q\xb8\x16\x22\x8d:\xe0<\xb9!\xdb\xe6\xeb\
\xe9@~yl\xd9~+\x1f7\x81\xa7\x14\xaa\xab\xb0\
\xfa9;\x9a\xf6\x1eJ,\xbe\xe3\x0d\xf0\x07/\xc8\xcd\
2\x17\x8f\xf9f\x9f\xd3\xbe\xcbC\xe4K\xd4J\x0c\x9d\
\xc2\xfd\xd6\x9bO\x1e\x87n\x10\xe7\xce\xbfo\xd0\x11\xe7\
\xa9\x8f\xd9\xeb\xcf\xf9\x12U\xf0\xe5\xa3c\x84\x04\x12\x88\
S\x11\x07\xd6\x19\xabG\xa1\x1bDm\xc1\xaawS\xb9\
\xb8q:B\x9dX\xc4&9\xd9\xc4F\xaf\xeb\xaf^\
^8\xd4m\xd4\x8fhQ\xbcWH\xacS\xf00\xbc\
\xca\xec\xb2\xf2\xe6kv\xe5/\x09\xfb\x0eU/6O\
\x96(1\xa1\x1b\x15\x91\x7f\x8f\x18\x12\x9e\xe5\x1b\x1dA\
\xaf\xe4\x81\xf0\xa6\xb8\x8cz\xe2*u\xc8\x9eK\xb1(\
\x04\x9e\xb2\x1fVT\xffZ\xb2\xa8\x9b\xed\xf4\xb6\xf8\x03\
oM\x9d^Y\xe1\xa6r\xd8\x8e\x0b\xfc=b}q\
|\xe5\x09\x97c$\xd80\xa8L\xca\x1a\x91\x1d1\x10\
\xa8\xa8N\xc3\xed\xc1*u\xa0J\xc4J\x8aZ)<\
\x91\x02i7\xb5\x0087\x9c\xa0]\xf9\xaa\xb6KG\
\xbe\xa7+D\x0c\xe4L\x81\xf6\x99=\xfeb\xbb\xde;\
\xd7?\xfctS\xcc\x9c \x1e\xcb_}\x13\xd8a\x9f\
\x11p\xce4:\xf5\x8c\x9c)\xb4yG2\x16\xe4Z\
\xebI\xcbQt\xbb\x15\x0e\xd1-\xb8eQ\xbd\xf6\x88\
\xa9\x95V\x94\x93RK\xa5\xe3\xe8v[\xfe_\xa9u\
\x5cq\xec\xef\xc8\x1c\xf1o\x02\x01\x8c\xef\x7f\x95\xff]\
.F\x8c\x181b\xc4\xe8\x0cmN\x88\x01\xa41\xc1\
\x96\x01|\xfe\xc8\xe4b\xfa\x9di5S\x87\x97\xfd\xbb\
\x0b\xcf0\x05n\xd6\x972\xad\xf2\x99\xdd\x83\xce\xbek\
U0\xe5\xf8L\x95D\xa6\xab\x99Z/@\xc0\x02\x1b\
lC\xc01MP\x17\x08\xd7&\x8bI\xab\x93\x8e\xb6\
\x91)\x22\x9d\x0d\x04N\xa8\xad\xe5\xc2\xdd\x81\x0d\xce\xbe\
Lk\x98\x0a\x98\x80x&\xd8\x00\x82@\xe0\xa2`\xfb\
\x0dl\xb8\xb0\xd6m\x1ea\x02D\xa6\xf7\x98l(h\
\x03)}\xda\x80\xd4\xda\xcd4\x81\x09.t/\xd3\x08\
&\x00\xee\x8c\xd6\xcbyL\x1f\xf9Lr\x1bS\x8d\xcf\
T\x81\xd4\x9c\xea3C\xda\xc0\xc5k\xc0^\xfcL\x9f\
I\x061\x9d\xf6;\x02\x0f9\xdc\x85O\x99`\xa7i\
\x03\x13\xb0\x8e\x09z\x1f.\x0e\xb6\x12\xc0\x06`\x11\x0e\
lm\xfd\x16\xec\xaf}fH\x1b-(\x8d-\xf8\xb9\
\x93\x09\xce\x1b\x91h\x02\xb13}\xc9\xa4\x8d\x5c\x1a\xc5\
L\xf3\x99`\xdf\xe4{(@\xe0b`\x8f\x1e\x16\xbc\
\xa1\x87?`\xda\xc6\x04\xb4\xd5F\x03R\xeco\xa1\xf5\
\xa8\xa5\x01=\x09?Y\xb4<.a\xd2\xea\x0d`\x82\
\xfcoM{m\x00H\xad\xc0\x81\xe4\xb4\x01'\x84\x13\
\xc1R'\x8c\x22\xad\xf9\x0a\x05=\x0c\xf9\x0e\xbbP\xb0\
\x8a\x0e\xa3\x11\xec\x7f\xc0\x85\x81`5\x13\x9e1\xa0u\
\x1bx\x96\xa0\xcd\x10&8\x0ft\x80\x96\xa2\xff(\xad\
s\x1c\x80\xbfv@o\xc3\xc8\x04w\xe7n&\xb8\x13\
Z\xddpm\xba%\xf0l@ok\xc0\x10|\xc8g\
\x9e~:\xf2\x8a\xd2Y`\xae\x81;\x02\x7f\xe9\x80\x81\
\x02R\x14\xfee\x04#Q\x8c\xf0\x10\xf2'\x82t\xba\
\xbf ,~\xf0\x00\x00\x00\x00IEND\xaeB`\
\x82\
\x00\x00\x0b\xa6\
\x89\
PNG\x0d\x0a\x1a\x0a\x00\x00\x00\x0dIHDR\x00\
\x00\x002\x00\x00\x00F\x08\x06\x00\x00\x00\x8e\x8c\xc7f\
\x00\x00\x00\x01sRGB\x00\xae\xce\x1c\xe9\x00\x00\x00\
\x04gAMA\x00\x00\xb1\x8f\x0b\xfca\x05\x00\x00\x00\
\x09pHYs\x00\x00\x0e\xc2\x00\x00\x0e\xc2\x01\x15(\
J\x80\x00\x00\x0b;IDAThC\xed\x9a\x0bl\
\xd5W\x1d\xc7o\x0b\xf4\x01\x05[\x0a\xa5@K[(\
o\xb0s\x8c\xb2\xf1\x10hW\x06\x09\x86\x80\x90,\xc8\
\x86hd.J\x9c\xd4\x99\xa8\x8b\x84\x1851f\xb0\
\xb0\x918\x92\xb98\xe2tf\xa8\x09#R\x18\x0c\x84\
\x8d\x97\xeb\x92\x8e0` P\xd6\x96\x95BK[Z\
\xfa\xf4\xf3=\xfd\x9f\xff\xee\xff\xf6\x96\xde[\xa1\x0f\xe5\
\x9b\xfcr\xde\xe7\xfc^\xe7w\xce\xf9\xdf\xeb\xfb_A\
\x84\x93\x86\x8d\xc1\x83\x07\xaf\xa9\xa9\xa9y\xe8K\xa0\xb9\
\xb9\xd9\xd7\xd2\xd2b\xa8\xb5\xb5\xd5\x93\xef\x0c\xfd\xfa\xf5\
\xf3\x0d\x180\xc0\xd7\xd4\xd4T\x1d\x1b\x1b{\xb1\xb2\xb2\
\xf2e\xa7),tY\x90\xa8\xa8\xa8c\x0d\x0d\x0d\xb3\
\x9c\xa2\xaf\x7f\xff\xfe%0^M\xea\x8b\x88\x880d\
\x05\xb1\xc2\xf9\xa7\xf4\x8b\xa5i \x02$R6|0\
\xe6s\xf2#\x94\xef6\xc4\xc4\xc4|B\x22N[\x07\
\x0e\x1cx\xc8Tv\x01\x8c\xddBb\xe6A\xb8\x9b\xa6\
\xb2\x0b\xe8\xb2EX\xf4\x1c\xda\x1c\x8fe>\x8e\x8b\x8b\
\xcb\x8f\x8f\x8f\xff\xa4\xa4\xa4\xe4y\xa79$0\xee-\
\x04\xf9\xec\xda\xb5k\xafc\xdd\xb9\xd1\xd1\xd1\x8d\xf5\xf5\
\xf5\xd1N\xf3\xbd\xc7\xaaU\xab\xa2F\x8c\x18\x91\x83\x0f\
\xff\x9a-\xf1C\xd5\xe1\xdb\xe7(\x17*\x9f\x99\x999\
\x9c\xfc{d\x8dfC%\xe6\xf8l\xf8\xf0\xe1Y\xe4\
\xb5O^A)w\x94\x1f6l\xd8|\x04\xdcD:\
Ok\xab\xaeK\x90\xcf\xa6\xa4\xa4L\x87\xe9\x1f\xa1\xa5\
=h\xbfV\xd5\xa4\xb7\x87\x0c\x19\xf2S\xf5\xc1\x9f\xcf\
\xb1\xf0>\xe5\xe9\xf3\xb6\xda\xbbB\x8c\x95\x8bj\xbe\xdf\
\x22\x8c\x11\x845\xf2\x10\xf2\x96\xda\xa9\xab\xa5\xcf;\xe2\
e\xf4\xe8\xd1Y\x9b6m\x8aT\x9f\x0e1i\xd2\xa4\
\x91t^\xc7\xa0\x9d0x\x8d\xaa\xd6\xc8\xc8\xc8f\xca\
'\x06\x0d\x1a\xf4\xab\xc4\xc4\xc4\x85\x1b6lp\xcd.\
A\xd0\x9a\x11\x84\xc5v\x91\x04e\x14K\xeda\xfc\xeb\
\xcc\xd5\x10\xac\x1d\x86/\x90\x1aAP\x94\x11D\xd0Z\
\xac\x99\xa3\xb5\xe1\xe7\xb8x\xa1\xba\x95|9s\xbe9\
t\xe8\xd0oO\x9c8qT[o\x90\x9c\x9c<\x05\
fO2Q\x0bE1_E\xc7\x9dh\xe5\xc9\x993\
g&\xb6\xf5\xf2\xf9\xc6\x8d\x1b\x97\xaa\xc1\xf8\xf5\x0a\x95\
%\x08!\xf8\xae\x82\x10\x10\xf6\x90\x1a\xc0\xd0/I\xda\
\xf5a\x1eW\x10\xd66\x82\xa4\xa7\xa7g)\xbcO\x9f\
>=Ee!777\x11E\x7f\x1d\xde^Ex\
\x05\x05\x8dm\x81\xf7\xf7%\x83o\xd4\xa8Q\x8f\xa9\xd2\
\x12\x8b\xff\x98\xd4\x97\x9d\x9d=\x84\x0d\xbc\x8c\xf26\xe8\
<\x83L;\x82\xbc\xa6vG\x90\x7f(\xdf\x91 X\
\xec-R\x03\x04\xc9'i\xd7\x07FJI\x8d \x90\
\x11\x84y\xbf\xa96\xad\xa9\xb5\x99g;B,\xcf\xca\
\xca\x8aW;u/\xa8\xddRZZ\xdac\xbe\xf5\xeb\
\xd7\x0f\xc0\xa4\xc6\x1fe\xbe\x91#G>\x81/\xceB\
\xea\xa0\xae\x00C\xbf'5\x820\xee/\xcaw$\x08\
}\x9aab+\xc2\xff\x84\xb9\x8d\x16\x03\x09\x0d_'\
\xf5\x08\xc2\x18#H \xc1S\x13{7\x9b\x00\xf1\x04\
}\x9bT\x07\x0f\x95\xec\x9b\xfe\xe4}>&\xdb\xadJ\
:\xcc!\x8d@\xe2\x8e\x18k\xc1\xbd~@>$A\
B!\xd6j'\x08\xd1j)\xf9\xa0\xfd\xb1\xa0\xd6\x8a\
@\xe1\xf3Tf\xfc\xdfI}&\x02\xa0\xad\xbdJ\xe9\
\xd40~\xfc\xf8/\x13\xcb\x97\xab\x1c\x08\x06\xfd\xf9\xc6\
\x8d\x1b/9\xc5\xfb\x86\xeb\xd7\xaf\xefF\xb9FI\x81\
\xb8s\xe7\xcer\xf1\x08\xcf\x8d*c\xa5\xfdJ\x8d \
c\xc6\x8c9\xa0\xb4\xaa\xaaj\xc1\xea\xd5\xab\x8b\xd0\xb0\
\xd1R \xb8S\xc9\x9c\xf7\x14\xba\xae\x04\x03\xf5\xb7\x9d\
\xac\x07xA\xb9x\x84\xd7\x85*\xb3?\xde5\x0d\x0e\
\x22`\xfe*\xa1\xcdl^g\x93\xb63+\xe6nN\
HH\xf8.\xf9{\xe6ZxA;\xd7\xd29\xa2\xb5\
\xd4\x1eHX\xeaO\xa4\xf2\x8e}\xac{Ey\xc1\x1e\
.\x8a\xcf\xfb\xd1\xf8\x1c\x9d\xa4\x98\xad\xc0\xa9\xf7\x00-\
E\xfa_\x14C\x01\x0c\x19\x0a\x07\x5c}Fk-\xa7\
\xe8\x01\xca+X\xbcxq4}\xe6\xc2\xb3\xf1$\xc1\
\xed\x8c\xaf\xedE\x90\xb8\xc3\x87\x0f\xcf\xc9\xc8\xc88\x10\
\xee\xe2\xfe@\x11-h\xee\x0d\x02\xc3\xa2\xbc\xbc\xbc\xc4\
\x95+W\xc6\x93\x7f\x14K\xbfD[\x9d\xd3-l\x88\
'\xaeC\xef\x16\x16\x16\xceA\x90\x18xv\x15\xee\x0a\
2y\xf2d1\xdfz\xeb\xd6\xad\x9c\xa2\xa2\xa2\x8bH\
\xfe\xa9\xd3\x14\x16`\xb4\x8c\x03j^]]\xdd\xd3\xb8\
\xc8\xb9S\xa7N\xe5\x16\x14\x14,\x22l\xd7\xdc\xbe}\
\xfb9\xa2M\x16\xeet\xd6\xe9\x1e\x16\xe0\xe9,B\x5c\
\xe6\xcd\xb2\x00^[\xe0\xd9\xb3?\x5c\xb0\xc0G\xd0\x09\
\xe5Y\xf8w$\xed|\xf4n\xe7\x08B\xd4#\xc4#\
2=\xfd\xb6S6\xb1^$%\xe1\xd7\x7f\x9b0a\
\xc20]-\x18\xab\x830\xe8\x1e\xe9\xe8\x1c\xa1~;\
\xa9\xf6\xc7q\xf1\xaa\xbc\x85\xc7\x0f\x15\xca\x1a\x1b\x1b\x1f\
\xe6j\x90 _t\xaaC\x06\x0b\xbdRVVv\xea\
\xc8\x91#;jkk\x9f\xe5\x11\xd5\xcfi2\xd1\x89\
\xb0\xbe\xec\xca\x95+\x05\xb8n\x05'\xb5\xb9A\x84\x03\
\x14\xb3W\xa7;\xfbt\x86\x0d\xbb\x16\x1eA\xd0\xe2>\
-^ZZ\x9a\x87\xd9\x0e2P\x91#\x10&~\x07\
\x02m\xea\xba\xf3rjj\xea#<\x81\x9fBc\x85\
Xg\x15\x0a\xa9\xe0d\x7f\x03\xc6W\xe8\xe0E\x98\xaf\
 \xe8\xb7\xa6M\x9b\xf6\xa6\xda\x9c\xe1\x9dB\xd6\x9d1\
c\xc6!\xde<9\xe2Q\xbc:M\xed\xc1\xc6\x1c\x84\
\xa4\xf5\x98Nn%\x13\xca\xcd\x5c\xd3\xb2\xf0\xe5\xa9S\
\xa7\xa6\xaa-\xd0\xb5\xc8\xeb\x9a#\xab\xfc\x1c!>\xa6\
\xdf8\xd2\xe3\xccq:))i:\x11\xe6_\xba\xfa\
\xd0\xfeO\x042\x97I\xd2\x03\xc1\x5cK\x17T\xe6\xbb\
D\xd6]\x9b\xf1\x1f\xa8M\xee\x05\x8fuK\x97.\x1d\
\xa8\xb2\x85\xc7\x22\xfb\xf6\xed\xab\x85\xa9\xa3H\xbcHe\
&v\xdd\x8b|+g\xc87N\x9f>]\xecTy\
\x80\xeb\xd8h\x94\x80\xb6v(\xc3)\x9c\x8d&\xdf#\
\x80,\xc3\x1d\x1e\xc6\x1a\x13\x98\xffE\xe6\x1a\xa0v\x98\
5\x8c\x07\xe2\xc2\x85\x0b\xc5\x5c\xe1\xd7\xd1\xcf\xa91\xca\
2\xaeD\xb4\xca#\xff\xfe\xee\xdd\xbb=\x07\xa6G\x10\
\x81\xc9\xf7\xb3h:~<\x81\x90\xe9F\x054WP\
^^~\x84\x8d:\xd1\xa9\x0aD\xc2\xfc\xf9\xf3\xfb\xb3\
\xc8i\xae1[y\xbe\xe6\xf0\xaa\x5cH\x94\xdaBX\
\x7f\x9a\xfbS>\xd6)F(=\xc2LDd\x9da\
J\x03\xb1v\xed\xda\x18\xc6\x1fd\xcd\x83N\x95\x8f\x9b\
\xf8\x01\xae&c\x19\x93)\x1e\x9dj\x17\xeef\xb4`\
a\x99z\x18f?3e\xca\x94c\xec\x97D,\xf4\
!\x1a\xfaC~~\xfe\x85c\xc7\x8e}\xb5\xba\xba\xfa\
\x0c\x13g\xc0X\x11a\xf68\x02\x8fB\xfb\xa5\xf4\xfb\
\x087*d\xb11\xe43\xd8\x1bQl\xfa\xc5X\xe5\
&W\xf3*\xc2\xef\xe3\xb8\xc8\x19\xf6\xcb\xd6\x8d\x1b7\
\x96\x1f=z4\x8b\x10}\x96\xfa\xdd\xcc\xa7\xe72F\
\xab\xff+\xc2N!\xc4~\x8e\x1b\x952W-\x16>\
\x99\x93\x93\xb3\xe3\xfc\xf9\xf3\x19\xf0\x16\x03/;\xb8\xa2\
x\xaeQ]?\xf5B\x80{\xbd\xee\x18-\x9b7o\
\xd6\x83\xee\xbf\x86+\xc8\xec\xd9\xb3\x07s\xd8\xbc\x8a&\
g\xe3\x0a\xfd S\x8f\x96\xf4\x98\x89TY!4\x90\
:\x02\xfe\xad\xfb[\x8cS\x0c\x0a\xfc\xbd\x91\xf5:\xbc\
\x88j\x8f`M\x97X\xaf\x01\xcb\xd7(\x8feO\xe3\
\xae\xeb\x8a\x8b\x8bKL_3\x02`\xbe\xdf\xe0\x06\xcf\
\x13\x11*a\xe0\x8f\xb8M\x03\xe5\x1a\x16j\xc6'=\
\x13Z\x12\x02\xd3@p.5\xe2*\xfax!D\xe0\
\x86C`(\x82y\xcd\xc7:\x5cI\xf5q\x08\xf5,\
\xca\xf2D\xa2\xce\x80\xeb\xbd\x8d[\xaeT\xde\x15\x04\xc6\
w1\xe9r\x1eW\xf3\xa0\x13l\xf6\xe1W\xaf^\xf5\
\xd1\xd1\xc7>\x90\x06\xfa\xb1\xd9\x06\xe3\xb3\xda\xa4\x86:\
BGm\xb6\xde\xa6\x9c7\xda\xc4\xb1\xf8\xfb\xa0\x8a\x8a\
\x8a\x9d\xc8\xec\xbe\xd1C\x01\x0a\xfe\x10\x05\xccp\x8am\
Pl\xa7\xa1A\xda\x22\xafw\xb9\x1b\xc3{+\xa1\xfc\
3\xa4\x06\xae? \x84n\x93M\xf8\xa5\xeeEa\x99\
\xb8\xa7\x80;\xbb\x1f\xef\x5cA\xb4q\x11\xc4\xe4\x89\xdf\
\xfa\xc0\xdc\xa7\xe0\x0a\xa2\x8dg\xe1\x9f\xef+\xf0X\xc4\
\x0a\xc0\x062i_\x82'f\x12M\xa2\xf4u\x0fA\
F:U}\x0fD*\xbd\x7f\x83F\x87\xdeJ\x9c#\
\xe6s\xab\xe0\xb1HO@\xa7wW\xc9\x1fnI\x16\
\xe1\xe03\xdf\x8a\xba\x03D\xc82\x0e\xd8\x15K\x96,\
\xe9\xd2\xfb]`\x0b4m\xdb\xb6\xcd\xbc\x83zD\x10\
\xce\xac+)))\x8b\x080\x97Ys9By\xd5\
\x1b\x22\xb8J\x95\xf1tv?\x09\x19t\xd7\x1e\xe1\x10\
k\x18;v\xec\x18\x04\x89\xe5\xda\xa3O\xb5A\xfb\x85\
B\x0e\xcf^t\x97 X\xc3\xbc\xec\x10\xe2gN\xb9\
\x92\xf7\xc9w\xf43\x1b<l\xc6\xf7\xf5M \xe8\xd8\
@b\xb3\xbb\x82\xf4\xd8f\xe7\x82h\xae\xf8<\xbe\xbe\
\xc7cn\x17\xe5\xcc\xec\xec\xec_P~\xd1t\x08\x01\
\xfe7\xee\x1e\x8fZ\x99\x99\x99\x1f\xf0\xa6X\xc3\x0d\xf8\
\xb5\xa2\xa2\xa2\x85X\xea\xa8\xd3\xd4)\xfc#W\x8f\x0b\
r\xe9\xd2\xa5YzF'$$<\x99\x9b\x9b{\x88\
\x87\x93~\xf7\x08\x09\x04-\xf3\x98\xf1\xa0\xbb\xf7\x08W\
p\xf3\xf3\x19\x11\xeb&\xef\xf6g\x92\x93\x93g\x92\xbe\
\x80\xbb\xb8_';#\xe6\xd2\x17N/\xba1j5\
\xc2\xf4d\x5c\x8aKv\xf4;\xc1\xfa\x84J\x8cw\x05\
\xe9\x91s\x04+\x5c#R\xe5\xb0\xb9/\x14\x16\x16>\
CU4\xafE\x96\xaf\x0b\xfa\xb4\xd4\xf3B\x1b;0\
\x85\xe7\x8b%%%\xe6\xd3\x90+\x88B\x19\xcf\xdan\
;\xd9a\xe4ZZZ\xda\xd7V\xacXq\xd9\xa9\x0a\
\x1b\xdc\xd6\x9b\xb6l\xd9r\xc3)\xb6\xc1\x89\xc9AM\
\xd8[)\xe8\xa5Q\xa6\xea\xcbp\xb9'&\x07\xfb\xf2\
\xdeg\xe0\x0a\xc2\xa3\xaa\xda\xc9\xf6\x19p\x8e\xb8\x1f\xb2\
]A\x88\xc9\xe6:\xdc\x97\x80\x17U9\xd9/\x90\x9a\
\x9a:\x15a\xca\xc8\x06\xddX\xbd\x8d\x08\xc1UII\
I\x8f\x937\xf0\xbc\x03\xf4G\x9a\xf2\xf2\xf2I\x15\x15\
\x15\xe6\x0b\xa3\x90\x9e\x9e\x1e\x8f\x09\xf5[\x87\xfbQB\
\xdf\x81\x95\xf7/\x07\x83m\xb7@QN\xee\x0b\xe8L\
P\xbdm\xf3/+\xaf\x10\xcbYQ\xa36\xde\x1f\xfa\
\x0d\xde\xc7\x19\xd4Z__\xff)o\x91.\xffu\xf0\
\x01\x1e\xe0\x01:\x87\x22\x85\x8d\x1e'!\xfdo\xb73\
\xd8\xfe\xbd\x06\x0fA\xff\x86\xcc_\xf2\xc04(\x14\x06\
{\x9d b\xe6\xb9\xb6\xac\x0b\xff_f\xf5\x0e\x7f\xd4\
!\x1bk\xd3\xa1\x05N*(o\xcbR\x88\xf2\xeao\
\x91\x09\xa9.\xac\x1f}\xc2\x85\x04Y\xdc\x96m\x07\xab\
u\x7f\x12\x92!\xff\xb2\xcd\xcf\x85$\xb8-K(\x9b\
\xb7$\xa1\xee94\xe9\xdd&\x17cV\xeb\xdaGr\
A\x0b\xcb\x98\x85-\xfb\xd7\xc7AK\xdb\xb2\x06\xaa7\
\xbf\x0f\xdek\x88IM.\x86;\x82\x98\x09dP\x08\
,\xfb\xf7\x0b\x84\xad\x17\xe9_B!!\x9cG\x88\xfe\
\x1b\x22X\xad[\xd8=\xa2\x85u\x83\xd6\x1f;\x9f\x82\
l\xff`\xf0\xbfi\xdb\xbd\xa0y\xac`3\x9d\xf4\xbe\
\xc1j\xca\xc2\xfa\xbf\xa0\xd4^\xe2\xbe\x0f\x99\xffc\x99\
\x92w\x9c\xcd\xfb\xef\x1d\x05\x06\x05\x11\xdb\xc7Z,d\
\x8b\x84\x8b@\xd7\xb1$\x04\xab\x17\xd9\xbd\xe5O\xf6?\
&k [gCy i\xcd\xfb\x06E\x1b\x1b>\
\xfd\x11\xf4O2a@\x96\x09\x9c\xf3\xff\x09>\xdf\x7f\
\x00\xe6\xbaF\xc9\x0f\xb2\x0c@\x00\x00\x00\x00IEN\
D\xaeB`\x82\
"

qt_resource_name = b"\
\x00\x0a\
\x04T\xb4!\
\x00i\
\x00c\x00o\x00n\x00_\x00c\x00a\x00i\x00x\x00a\
\x00\x0a\
\x04k\x89B\
\x00i\
\x00c\x00o\x00n\x00_\x00p\x00a\x00g\x00a\x00r\
\x00\x0c\
\x06,F1\
\x00l\
\x00o\x00g\x00o\x00_\x00e\x00m\x00p\x00r\x00e\x00s\x00a\
\x00\x0c\
\x07\xdb\x8d\x05\
\x00i\
\x00c\x00o\x00n\x00_\x00c\x00l\x00i\x00e\x00n\x00t\x00e\
\x00\x09\
\x06FKB\
\x00i\
\x00c\x00o\x00n\x00_\x00s\x00a\x00i\x00r\
\x00\x0f\
\x083\xa8\xc2\
\x00i\
\x00c\x00o\x00n\x00_\x00f\x00o\x00r\x00n\x00e\x00c\x00e\x00d\x00o\x00r\
\x00\x0d\
\x06\x17F#\
\x00i\
\x00c\x00o\x00n\x00_\x00p\x00r\x00o\x00d\x00u\x00t\x00o\x00s\
\x00\x0a\
\x04U\xb0_\
\x00i\
\x00c\x00o\x00n\x00_\x00b\x00a\x00n\x00c\x00o\
\x00\x0d\
\x09c6\xa5\
\x00i\
\x00c\x00o\x00n\x00s\x00_\x00c\x00l\x00i\x00e\x00n\x00t\x00e\
\x00\x0c\
\x05Mp\x02\
\x00i\
\x00c\x00o\x00n\x00_\x00r\x00e\x00c\x00e\x00b\x00e\x00r\
\x00\x0b\
\x06\x17\x06\x03\
\x00i\
\x00c\x00o\x00n\x00_\x00v\x00e\x00n\x00d\x00a\x00s\
\x00\x09\
\x04\xa4\xae\xc7\
\x00v\
\x00e\x00n\x00d\x00a\x00.\x00p\x00n\x00g\
\x00\x0b\
\x084$'\
\x00r\
\x00e\x00c\x00e\x00b\x00e\x00r\x00.\x00p\x00n\x00g\
\x00\x0d\
\x04\x10N\x87\
\x00p\
\x00e\x00s\x00q\x00u\x00i\x00s\x00a\x00r\x00.\x00p\x00n\x00g\
\x00\x0c\
\x0b\x9c:g\
\x00r\
\x00e\x00t\x00o\x00r\x00n\x00a\x00r\x00.\x00p\x00n\x00g\
\x00\x0d\
\x0eN\x0e\x87\
\x00c\
\x00o\x00n\x00s\x00u\x00l\x00t\x00a\x00r\x00.\x00p\x00n\x00g\
\x00\x0a\
\x0b\x9f\xf7'\
\x00f\
\x00i\x00l\x00t\x00r\x00o\x00.\x00p\x00n\x00g\
\x00\x0b\
\x0c\xdc\x83'\
\x00e\
\x00x\x00c\x00l\x00u\x00i\x00r\x00.\x00p\x00n\x00g\
\x00\x0d\
\x0apC\x87\
\x00c\
\x00a\x00d\x00a\x00s\x00t\x00r\x00a\x00r\x00.\x00p\x00n\x00g\
\x00\x0d\
\x0b\xda\x16\x07\
\x00a\
\x00d\x00i\x00c\x00i\x00o\x00n\x00a\x00r\x00.\x00p\x00n\x00g\
\x00\x0c\
\x0f\xb5\xc4\xc7\
\x00c\
\x00a\x00n\x00c\x00e\x00l\x00a\x00r\x00.\x00p\x00n\x00g\
\x00\x0b\
\x08U\x22\xc7\
\x00a\
\x00l\x00t\x00e\x00r\x00a\x00r\x00.\x00p\x00n\x00g\
\x00\x09\
\x04\xa2\x86G\
\x00b\
\x00a\x00n\x00c\x00o\x00.\x00p\x00n\x00g\
\x00\x0c\
\x05\x98\xe0\xc7\
\x00p\
\x00r\x00o\x00d\x00u\x00t\x00o\x00s\x00.\x00p\x00n\x00g\
\x00\x0e\
\x06L?g\
\x00f\
\x00o\x00r\x00n\x00e\x00c\x00e\x00d\x00o\x00r\x00.\x00p\x00n\x00g\
\x00\x08\
\x08\x05Xg\
\x00s\
\x00a\x00i\x00r\x00.\x00p\x00n\x00g\
\x00\x0b\
\x05t\x08\xc7\
\x00c\
\x00l\x00i\x00e\x00n\x00t\x00e\x00.\x00p\x00n\x00g\
\x00\x10\
\x06@\x0f\xc7\
\x00l\
\x00o\x00g\x00o\x00_\x00e\x00m\x00p\x00r\x00e\x00s\x00a\x00.\x00p\x00n\x00g\
\x00\x0f\
\x06\xd5\xf2'\
\x00c\
\x00o\x00n\x00t\x00a\x00s\x00P\x00a\x00g\x00a\x00r\x00.\x00p\x00n\x00g\
\x00\x09\
\x00\xe4\x84G\
\x00c\
\x00a\x00i\x00x\x00a\x00.\x00p\x00n\x00g\
"

qt_resource_struct = b"\
\x00\x00\x00\x00\x00\x02\x00\x00\x00\x0b\x00\x00\x00\x01\
\x00\x00\x00\x00\x00\x00\x00\x00\
\x00\x00\x00\x00\x00\x02\x00\x00\x00\x01\x00\x00\x00\x1e\
\x00\x00\x00\x00\x00\x00\x00\x00\
\x00\x00\x00\xcc\x00\x02\x00\x00\x00\x01\x00\x00\x00\x1d\
\x00\x00\x00\x00\x00\x00\x00\x00\
\x00\x00\x00\x1a\x00\x02\x00\x00\x00\x01\x00\x00\x00\x1c\
\x00\x00\x00\x00\x00\x00\x00\x00\
\x00\x00\x01\x06\x00\x02\x00\x00\x00\x01\x00\x00\x00\x1b\
\x00\x00\x00\x00\x00\x00\x00\x00\
\x00\x00\x01$\x00\x02\x00\x00\x00\x01\x00\x00\x00\x1a\
\x00\x00\x00\x00\x00\x00\x00\x00\
\x00\x00\x00\xac\x00\x02\x00\x00\x00\x01\x00\x00\x00\x19\
\x00\x00\x00\x00\x00\x00\x00\x00\
\x00\x00\x004\x00\x02\x00\x00\x00\x01\x00\x00\x00\x18\
\x00\x00\x00\x00\x00\x00\x00\x00\
\x00\x00\x00p\x00\x02\x00\x00\x00\x01\x00\x00\x00\x17\
\x00\x00\x00\x00\x00\x00\x00\x00\
\x00\x00\x00R\x00\x02\x00\x00\x00\x01\x00\x00\x00\x16\
\x00\x00\x00\x00\x00\x00\x00\x00\
\x00\x00\x00\x88\x00\x02\x00\x00\x00\x01\x00\x00\x00\x15\
\x00\x00\x00\x00\x00\x00\x00\x00\
\x00\x00\x00\xe6\x00\x02\x00\x00\x00\x09\x00\x00\x00\x0c\
\x00\x00\x00\x00\x00\x00\x00\x00\
\x00\x00\x01t\x00\x00\x00\x00\x00\x01\x00\x00(\xd2\
\x00\x00\x01y\xfbAf\xf0\
\x00\x00\x02f\x00\x00\x00\x00\x00\x01\x00\x00e\x06\
\x00\x00\x01y\xfb6\xef@\
\x00\x00\x02\x08\x00\x00\x00\x00\x00\x01\x00\x00E\xd0\
\x00\x00\x01y\xfe\x1f\xd6\x90\
\x00\x00\x01\x94\x00\x00\x00\x00\x00\x01\x00\x00*\x83\
\x00\x00\x01y\xfb,\x870\
\x00\x00\x01\xd2\x00\x00\x00\x00\x00\x01\x00\x00;t\
\x00\x00\x01y\xfbD\xb2\xb0\
\x00\x00\x02(\x00\x00\x00\x00\x00\x01\x00\x00R\xba\
\x00\x00\x01y\xfb/U\xf0\
\x00\x00\x01\xec\x00\x00\x00\x00\x00\x01\x00\x00<\xc6\
\x00\x00\x01y\xfb<\xfa \
\x00\x00\x01\xb2\x00\x00\x00\x00\x00\x01\x00\x00/\xdf\
\x00\x00\x01y\xfb9\xcd\xa0\
\x00\x00\x02H\x00\x00\x00\x00\x00\x01\x00\x00^/\
\x00\x00\x01y\xfe\x22\xe3\xd0\
\x00\x00\x02\xb8\x00\x00\x00\x00\x00\x01\x00\x00\x90G\
\x00\x00\x01y\xfb\x1f)P\
\x00\x00\x02\xf0\x00\x00\x00\x00\x00\x01\x00\x00\xa2o\
\x00\x00\x01y\xfb\x13\xb7\xa0\
\x00\x00\x02\xda\x00\x00\x00\x00\x00\x01\x00\x00\x99z\
\x00\x00\x01y\xfb'Gp\
\x00\x00\x03\x0c\x00\x00\x00\x00\x00\x01\x00\x00\xb0N\
\x00\x00\x01y\xf6\x8f\x19\xe0\
\x00\x00\x02\x9a\x00\x00\x00\x00\x00\x01\x00\x00}\x84\
\x00\x00\x01y\xfb\x1d\xf0\xd0\
\x00\x00\x01@\x00\x00\x00\x00\x00\x01\x00\x00\x00\x00\
\x00\x00\x01y\xfb\x17p\xc0\
\x00\x00\x01X\x00\x00\x00\x00\x00\x01\x00\x00\x10=\
\x00\x00\x01y\xfb\x16\xbd\x10\
\x00\x00\x032\x00\x00\x00\x00\x00\x01\x00\x00\xd7\x18\
\x00\x00\x01y\xfb\x1fwp\
\x00\x00\x02\x82\x00\x00\x00\x00\x00\x01\x00\x00n\x80\
\x00\x00\x01y\xfb\x11'`\
\x00\x00\x03V\x00\x00\x00\x00\x00\x01\x00\x00\xdf>\
\x00\x00\x01y\xfb\x13\x0b\xc0\
"

def qInitResources():
    QtCore.qRegisterResourceData(0x03, qt_resource_struct, qt_resource_name, qt_resource_data)

def qCleanupResources():
    QtCore.qUnregisterResourceData(0x03, qt_resource_struct, qt_resource_name, qt_resource_data)

qInitResources()
